user_id,active_time
USR0001,2024-09-02 08:00:00
USR0188,2024-09-02 08:13:14
USR0201,2024-09-02 09:00:35
USR0108,2024-09-02 10:13:24
USR0121,2024-09-02 11:00:45
USR0015,2024-09-02 11:26:13
USR0028,2024-09-02 12:13:34
USR0041,2024-09-02 13:00:55
USR0228,2024-09-02 13:13:09
USR0114,2024-09-02 13:39:37
USR0241,2024-09-02 14:00:30
USR0135,2024-09-02 14:26:58
USR0034,2024-09-02 15:39:47
USR0161,2024-09-02 16:00:40
USR0055,2024-09-02 16:26:08
USR0234,2024-09-02 16:39:22
USR0068,2024-09-02 17:13:29
USR0255,2024-09-02 17:26:43
USR0141,2024-09-02 17:52:11
USR0081,2024-09-02 18:00:50
USR0175,2024-09-02 19:26:53
USR0183,2024-09-03 08:26:04
USR0069,2024-09-03 08:52:32
USR0009,2024-09-03 09:00:11
USR0196,2024-09-03 09:13:25
USR0209,2024-09-03 10:00:46
USR0103,2024-09-03 10:26:14
USR0116,2024-09-03 11:13:35
USR0189,2024-09-03 11:52:17
USR0129,2024-09-03 12:00:56
USR0202,2024-09-03 12:39:38
USR0036,2024-09-03 13:13:45
USR0049,2024-09-03 14:00:06
USR0236,2024-09-03 14:13:20
USR0249,2024-09-03 15:00:41
USR0143,2024-09-03 15:26:09
USR0156,2024-09-03 16:13:30
USR0042,2024-09-03 16:39:58
USR0169,2024-09-03 17:00:51
USR0063,2024-09-03 17:26:19
USR0076,2024-09-03 18:13:40
USR0089,2024-09-03 19:00:01
USR0162,2024-09-03 19:39:43
USR0097,2024-09-04 08:00:12
USR0004,2024-09-04 09:13:01
USR0191,2024-09-04 09:26:15
USR0017,2024-09-04 10:00:22
USR0204,2024-09-04 10:13:36
USR0217,2024-09-04 11:00:57
USR0111,2024-09-04 11:26:25
USR0124,2024-09-04 12:13:46
USR0010,2024-09-04 12:39:14
USR0137,2024-09-04 13:00:07
USR0044,2024-09-04 14:13:56
USR0231,2024-09-04 14:26:10
USR0117,2024-09-04 14:52:38
USR0057,2024-09-04 15:00:17
USR0244,2024-09-04 15:13:31
USR0130,2024-09-04 15:39:59
USR0164,2024-09-04 17:13:41
USR0237,2024-09-04 17:52:23
USR0177,2024-09-04 18:00:02
USR0071,2024-09-04 18:26:30
USR0250,2024-09-04 18:39:44
USR0092,2024-09-05 08:13:02
USR0165,2024-09-05 08:52:44
USR0105,2024-09-05 09:00:23
USR0178,2024-09-05 09:39:05
USR0012,2024-09-05 10:13:12
USR0199,2024-09-05 10:26:26
USR0025,2024-09-05 11:00:33
USR0225,2024-09-05 12:00:08
USR0119,2024-09-05 12:26:36
USR0132,2024-09-05 13:13:57
USR0145,2024-09-05 14:00:18
USR0039,2024-09-05 14:26:46
USR0052,2024-09-05 15:13:07
USR0239,2024-09-05 15:26:21
USR0065,2024-09-05 16:00:28
USR0252,2024-09-05 16:13:42
USR0138,2024-09-05 16:39:10
USR0045,2024-09-05 17:52:59
USR0172,2024-09-05 18:13:52
USR0058,2024-09-05 18:39:20
USR0185,2024-09-05 19:00:13
USR0079,2024-09-05 19:26:41
USR0193,2024-09-06 08:00:24
USR0100,2024-09-06 09:13:13
USR0113,2024-09-06 10:00:34
USR0007,2024-09-06 10:26:02
USR0186,2024-09-06 10:39:16
USR0207,2024-09-06 11:26:37
USR0033,2024-09-06 12:00:44
USR0220,2024-09-06 12:13:58
USR0106,2024-09-06 12:39:26
USR0233,2024-09-06 13:00:19
USR0127,2024-09-06 13:26:47
USR0140,2024-09-06 14:13:08
USR0153,2024-09-06 15:00:29
USR0047,2024-09-06 15:26:57
USR0226,2024-09-06 15:39:11
USR0060,2024-09-06 16:13:18
USR0247,2024-09-06 16:26:32
USR0073,2024-09-06 17:00:39
USR0167,2024-09-06 18:26:42
USR0180,2024-09-06 19:13:03
USR0066,2024-09-06 19:39:31
USR0002,2024-09-09 08:07:00
USR0189,2024-09-09 08:20:14
USR0075,2024-09-09 08:46:42
USR0202,2024-09-09 09:07:35
USR0109,2024-09-09 10:20:24
USR0182,2024-09-09 10:59:06
USR0122,2024-09-09 11:07:45
USR0016,2024-09-09 11:33:13
USR0195,2024-09-09 11:46:27
USR0029,2024-09-09 12:20:34
USR0042,2024-09-09 13:07:55
USR0229,2024-09-09 13:20:09
USR0242,2024-09-09 14:07:30
USR0136,2024-09-09 14:33:58
USR0035,2024-09-09 15:46:47
USR0162,2024-09-09 16:07:40
USR0056,2024-09-09 16:33:08
USR0069,2024-09-09 17:20:29
USR0256,2024-09-09 17:33:43
USR0176,2024-09-09 19:33:53
USR0062,2024-09-09 19:59:21
USR0184,2024-09-10 08:33:04
USR0010,2024-09-10 09:07:11
USR0197,2024-09-10 09:20:25
USR0104,2024-09-10 10:33:14
USR0117,2024-09-10 11:20:35
USR0003,2024-09-10 11:46:03
USR0130,2024-09-10 12:07:56
USR0203,2024-09-10 12:46:38
USR0037,2024-09-10 13:20:45
USR0110,2024-09-10 13:59:27
USR0050,2024-09-10 14:07:06
USR0237,2024-09-10 14:20:20
USR0123,2024-09-10 14:46:48
USR0250,2024-09-10 15:07:41
USR0144,2024-09-10 15:33:09
USR0157,2024-09-10 16:20:30
USR0230,2024-09-10 16:59:12
USR0170,2024-09-10 17:07:51
USR0064,2024-09-10 17:33:19
USR0243,2024-09-10 17:46:33
USR0077,2024-09-10 18:20:40
USR0090,2024-09-10 19:07:01
USR0098,2024-09-11 08:07:12
USR0171,2024-09-11 08:46:54
USR0005,2024-09-11 09:20:01
USR0192,2024-09-11 09:33:15
USR0205,2024-09-11 10:20:36
USR0218,2024-09-11 11:07:57
USR0112,2024-09-11 11:33:25
USR0125,2024-09-11 12:20:46
USR0011,2024-09-11 12:46:14
USR0138,2024-09-11 13:07:07
USR0045,2024-09-11 14:20:56
USR0232,2024-09-11 14:33:10
USR0058,2024-09-11 15:07:17
USR0245,2024-09-11 15:20:31
USR0131,2024-09-11 15:46:59
USR0038,2024-09-11 16:59:48
USR0165,2024-09-11 17:20:41
USR0051,2024-09-11 17:46:09
USR0178,2024-09-11 18:07:02
USR0072,2024-09-11 18:33:30
USR0251,2024-09-11 18:46:44
USR0093,2024-09-12 08:20:02
USR0106,2024-09-12 09:07:23
USR0179,2024-09-12 09:46:05
USR0013,2024-09-12 10:20:12
USR0200,2024-09-12 10:33:26
USR0026,2024-09-12 11:07:33
USR0099,2024-09-12 11:46:15
USR0226,2024-09-12 12:07:08
USR0120,2024-09-12 12:33:36
USR0133,2024-09-12 13:20:57
USR0206,2024-09-12 13:59:39
USR0040,2024-09-12 14:33:46
USR0053,2024-09-12 15:20:07
USR0240,2024-09-12 15:33:21
USR0066,2024-09-12 16:07:28
USR0253,2024-09-12 16:20:42
USR0173,2024-09-12 18:20:52
USR0059,2024-09-12 18:46:20
USR0186,2024-09-12 19:07:13
USR0080,2024-09-12 19:33:41
USR0194,2024-09-13 08:07:24
USR0101,2024-09-13 09:20:13
USR0114,2024-09-13 10:07:34
USR0008,2024-09-13 10:33:02
USR0208,2024-09-13 11:33:37
USR0034,2024-09-13 12:07:44
USR0221,2024-09-13 12:20:58
USR0107,2024-09-13 12:46:26
USR0234,2024-09-13 13:07:19
USR0128,2024-09-13 13:33:47
USR0014,2024-09-13 13:59:15
USR0141,2024-09-13 14:20:08
USR0154,2024-09-13 15:07:29
USR0048,2024-09-13 15:33:57
USR0227,2024-09-13 15:46:11
USR0061,2024-09-13 16:20:18
USR0248,2024-09-13 16:33:32
USR0134,2024-09-13 16:59:00
USR0074,2024-09-13 17:07:39
USR0168,2024-09-13 18:33:42
USR0181,2024-09-13 19:20:03
USR0254,2024-09-13 19:59:45
USR0003,2024-09-16 08:14:00
USR0190,2024-09-16 08:27:14
USR0076,2024-09-16 08:53:42
USR0203,2024-09-16 09:14:35
USR0110,2024-09-16 10:27:24
USR0123,2024-09-16 11:14:45
USR0009,2024-09-16 11:40:13
USR0196,2024-09-16 11:53:27
USR0103,2024-09-16 12:06:16
USR0030,2024-09-16 12:27:34
USR0043,2024-09-16 13:14:55
USR0230,2024-09-16 13:27:09
USR0116,2024-09-16 13:53:37
USR0243,2024-09-16 14:14:30
USR0129,2024-09-16 14:40:58
USR0163,2024-09-16 16:14:40
USR0049,2024-09-16 16:40:08
USR0236,2024-09-16 16:53:22
USR0070,2024-09-16 17:27:29
USR0249,2024-09-16 17:40:43
USR0169,2024-09-16 19:40:53
USR0177,2024-09-17 08:40:04
USR0011,2024-09-17 09:14:11
USR0198,2024-09-17 09:27:25
USR0097,2024-09-17 10:40:14
USR0118,2024-09-17 11:27:35
USR0004,2024-09-17 11:53:03
USR0131,2024-09-17 12:14:56
USR0038,2024-09-17 13:27:45
USR0051,2024-09-17 14:14:06
USR0238,2024-09-17 14:27:20
USR0124,2024-09-17 14:53:48
USR0251,2024-09-17 15:14:41
USR0137,2024-09-17 15:40:09
USR0158,2024-09-17 16:27:30
USR0044,2024-09-17 16:53:58
USR0171,2024-09-17 17:14:51
USR0057,2024-09-17 17:40:19
USR0244,2024-09-17 17:53:33
USR0078,2024-09-17 18:27:40
USR0091,2024-09-17 19:14:01
USR0164,2024-09-17 19:53:43
USR0099,2024-09-18 08:14:12
USR0172,2024-09-18 08:53:54
USR0079,2024-09-18 09:06:43
USR0006,2024-09-18 09:27:01
USR0185,2024-09-18 09:40:15
USR0206,2024-09-18 10:27:36
USR0219,2024-09-18 11:14:57
USR0105,2024-09-18 11:40:25
USR0199,2024-09-18 12:06:28
USR0126,2024-09-18 12:27:46
USR0139,2024-09-18 13:14:07
USR0046,2024-09-18 14:27:56
USR0225,2024-09-18 14:40:10
USR0059,2024-09-18 15:14:17
USR0246,2024-09-18 15:27:31
USR0166,2024-09-18 17:27:41
USR0052,2024-09-18 17:53:09
USR0179,2024-09-18 18:14:02
USR0065,2024-09-18 18:40:30
USR0094,2024-09-19 08:27:02
USR0107,2024-09-19 09:14:23
USR0014,2024-09-19 10:27:12
USR0193,2024-09-19 10:40:26
USR0027,2024-09-19 11:14:33
USR0100,2024-09-19 11:53:15
USR0007,2024-09-19 12:06:04
USR0227,2024-09-19 12:14:08
USR0113,2024-09-19 12:40:36
USR0134,2024-09-19 13:27:57
USR0033,2024-09-19 14:40:46
USR0127,2024-09-19 15:06:49
USR0054,2024-09-19 15:27:07
USR0233,2024-09-19 15:40:21
USR0067,2024-09-19 16:14:28
USR0254,2024-09-19 16:27:42
USR0140,2024-09-19 16:53:10
USR0247,2024-09-19 18:06:34
USR0174,2024-09-19 18:27:52
USR0187,2024-09-19 19:14:13
USR0073,2024-09-19 19:40:41
USR0195,2024-09-20 08:14:24
USR0175,2024-09-20 09:06:55
USR0102,2024-09-20 09:27:13
USR0115,2024-09-20 10:14:34
USR0001,2024-09-20 10:40:02
USR0188,2024-09-20 10:53:16
USR0201,2024-09-20 11:40:37
USR0035,2024-09-20 12:14:44
USR0222,2024-09-20 12:27:58
USR0235,2024-09-20 13:14:19
USR0121,2024-09-20 13:40:47
USR0142,2024-09-20 14:27:08
USR0155,2024-09-20 15:14:29
USR0041,2024-09-20 15:40:57
USR0062,2024-09-20 16:27:18
USR0241,2024-09-20 16:40:32
USR0075,2024-09-20 17:14:39
USR0055,2024-09-20 18:06:10
USR0161,2024-09-20 18:40:42
USR0182,2024-09-20 19:27:03
USR0068,2024-09-20 19:53:31
USR0004,2024-09-23 08:21:00
USR0191,2024-09-23 08:34:14
USR0204,2024-09-23 09:21:35
USR0111,2024-09-23 10:34:24
USR0124,2024-09-23 11:21:45
USR0010,2024-09-23 11:47:13
USR0031,2024-09-23 12:34:34
USR0117,2024-09-23 13:00:37
USR0044,2024-09-23 13:21:55
USR0231,2024-09-23 13:34:09
USR0244,2024-09-23 14:21:30
USR0130,2024-09-23 14:47:58
USR0037,2024-09-23 15:00:47
USR0237,2024-09-23 16:00:22
USR0164,2024-09-23 16:21:40
USR0050,2024-09-23 16:47:08
USR0144,2024-09-23 17:13:11
USR0071,2024-09-23 17:34:29
USR0250,2024-09-23 17:47:43
USR0084,2024-09-23 18:21:50
USR0170,2024-09-23 19:47:53
USR0072,2024-09-24 08:13:32
USR0178,2024-09-24 08:47:04
USR0012,2024-09-24 09:21:11
USR0199,2024-09-24 09:34:25
USR0212,2024-09-24 10:21:46
USR0098,2024-09-24 10:47:14
USR0192,2024-09-24 11:13:17
USR0119,2024-09-24 11:34:35
USR0205,2024-09-24 12:00:38
USR0132,2024-09-24 12:21:56
USR0039,2024-09-24 13:34:45
USR0052,2024-09-24 14:21:06
USR0239,2024-09-24 14:34:20
USR0252,2024-09-24 15:21:41
USR0138,2024-09-24 15:47:09
USR0045,2024-09-24 16:00:58
USR0159,2024-09-24 16:34:30
USR0172,2024-09-24 17:21:51
USR0058,2024-09-24 17:47:19
USR0079,2024-09-24 18:34:40
USR0165,2024-09-24 19:00:43
USR0092,2024-09-24 19:21:01
USR0100,2024-09-25 08:21:12
USR0007,2024-09-25 09:34:01
USR0186,2024-09-25 09:47:15
USR0020,2024-09-25 10:21:22
USR0207,2024-09-25 10:34:36
USR0220,2024-09-25 11:21:57
USR0106,2024-09-25 11:47:25
USR0013,2024-09-25 12:00:14
USR0127,2024-09-25 12:34:46
USR0140,2024-09-25 13:21:07
USR0120,2024-09-25 14:13:38
USR0047,2024-09-25 14:34:56
USR0226,2024-09-25 14:47:10
USR0133,2024-09-25 15:00:59
USR0060,2024-09-25 15:21:17
USR0247,2024-09-25 15:34:31
USR0240,2024-09-25 17:13:23
USR0167,2024-09-25 17:34:41
USR0253,2024-09-25 18:00:44
USR0180,2024-09-25 18:21:02
USR0066,2024-09-25 18:47:30
USR0168,2024-09-26 08:13:44
USR0095,2024-09-26 08:34:02
USR0181,2024-09-26 09:00:05
USR0108,2024-09-26 09:21:23
USR0015,2024-09-26 10:34:12
USR0194,2024-09-26 10:47:26
USR0028,2024-09-26 11:21:33
USR0228,2024-09-26 12:21:08
USR0114,2024-09-26 12:47:36
USR0135,2024-09-26 13:34:57
USR0148,2024-09-26 14:21:18
USR0034,2024-09-26 14:47:46
USR0055,2024-09-26 15:34:07
USR0234,2024-09-26 15:47:21
USR0141,2024-09-26 16:00:10
USR0068,2024-09-26 16:21:28
USR0255,2024-09-26 16:34:42
USR0048,2024-09-26 17:13:59
USR0061,2024-09-26 18:00:20
USR0175,2024-09-26 18:34:52
USR0188,2024-09-26 19:21:13
USR0074,2024-09-26 19:47:41
USR0196,2024-09-27 08:21:24
USR0103,2024-09-27 09:34:13
USR0189,2024-09-27 10:00:16
USR0116,2024-09-27 10:21:34
USR0002,2024-09-27 10:47:02
USR0202,2024-09-27 11:47:37
USR0109,2024-09-27 12:00:26
USR0036,2024-09-27 12:21:44
USR0223,2024-09-27 12:34:58
USR0236,2024-09-27 13:21:19
USR0122,2024-09-27 13:47:47
USR0143,2024-09-27 14:34:08
USR0229,2024-09-27 15:00:11
USR0156,2024-09-27 15:21:29
USR0042,2024-09-27 15:47:57
USR0063,2024-09-27 16:34:18
USR0242,2024-09-27 16:47:32
USR0076,2024-09-27 17:21:39
USR0162,2024-09-27 18:47:42
USR0069,2024-09-27 19:00:31
USR0183,2024-09-27 19:34:03
USR0078,2024-09-30 08:07:42
USR0005,2024-09-30 08:28:00
USR0192,2024-09-30 08:41:14
USR0205,2024-09-30 09:28:35
USR0177,2024-09-30 10:20:06
USR0112,2024-09-30 10:41:24
USR0198,2024-09-30 11:07:27
USR0125,2024-09-30 11:28:45
USR0011,2024-09-30 11:54:13
USR0032,2024-09-30 12:41:34
USR0045,2024-09-30 13:28:55
USR0232,2024-09-30 13:41:09
USR0245,2024-09-30 14:28:30
USR0131,2024-09-30 14:54:58
USR0038,2024-09-30 15:07:47
USR0165,2024-09-30 16:28:40
USR0051,2024-09-30 16:54:08
USR0072,2024-09-30 17:41:29
USR0251,2024-09-30 17:54:43
USR0057,2024-09-30 19:20:21
USR0171,2024-09-30 19:54:53
USR0179,2024-10-01 08:54:04
USR0013,2024-10-01 09:28:11
USR0200,2024-10-01 09:41:25
USR0099,2024-10-01 10:54:14
USR0006,2024-10-01 11:07:03
USR0120,2024-10-01 11:41:35
USR0206,2024-10-01 12:07:38
USR0133,2024-10-01 12:28:56
USR0105,2024-10-01 13:20:27
USR0040,2024-10-01 13:41:45
USR0126,2024-10-01 14:07:48
USR0053,2024-10-01 14:28:06
USR0240,2024-10-01 14:41:20
USR0253,2024-10-01 15:28:41
USR0139,2024-10-01 15:54:09
USR0225,2024-10-01 16:20:12
USR0160,2024-10-01 16:41:30
USR0246,2024-10-01 17:07:33
USR0173,2024-10-01 17:28:51
USR0059,2024-10-01 17:54:19
USR0080,2024-10-01 18:41:40
USR0093,2024-10-01 19:28:01
USR0174,2024-10-02 08:07:54
USR0101,2024-10-02 08:28:12
USR0008,2024-10-02 09:41:01
USR0187,2024-10-02 09:54:15
USR0208,2024-10-02 10:41:36
USR0221,2024-10-02 11:28:57
USR0107,2024-10-02 11:54:25
USR0014,2024-10-02 12:07:14
USR0128,2024-10-02 12:41:46
USR0141,2024-10-02 13:28:07
USR0048,2024-10-02 14:41:56
USR0227,2024-10-02 14:54:10
USR0134,2024-10-02 15:07:59
USR0061,2024-10-02 15:28:17
USR0248,2024-10-02 15:41:31
USR0033,2024-10-02 16:20:48
USR0054,2024-10-02 17:07:09
USR0168,2024-10-02 17:41:41
USR0254,2024-10-02 18:07:44
USR0181,2024-10-02 18:28:02
USR0067,2024-10-02 18:54:30
USR0096,2024-10-03 08:41:02
USR0182,2024-10-03 09:07:05
USR0109,2024-10-03 09:28:23
USR0016,2024-10-03 10:41:12
USR0195,2024-10-03 10:54:26
USR0102,2024-10-03 11:07:15
USR0029,2024-10-03 11:28:33
USR0229,2024-10-03 12:28:08
USR0115,2024-10-03 12:54:36
USR0201,2024-10-03 13:20:39
USR0136,2024-10-03 13:41:57
USR0035,2024-10-03 14:54:46
USR0056,2024-10-03 15:41:07
USR0235,2024-10-03 15:54:21
USR0069,2024-10-03 16:28:28
USR0256,2024-10-03 16:41:42
USR0062,2024-10-03 18:07:20
USR0176,2024-10-03 18:41:52
USR0189,2024-10-03 19:28:13
USR0075,2024-10-03 19:54:41
USR0197,2024-10-04 08:28:24
USR0104,2024-10-04 09:41:13
USR0117,2024-10-04 10:28:34
USR0003,2024-10-04 10:54:02
USR0203,2024-10-04 11:54:37
USR0110,2024-10-04 12:07:26
USR0037,2024-10-04 12:28:44
USR0224,2024-10-04 12:41:58
USR0009,2024-10-04 13:20:15
USR0237,2024-10-04 13:28:19
USR0123,2024-10-04 13:54:47
USR0144,2024-10-04 14:41:08
USR0230,2024-10-04 15:07:11
USR0157,2024-10-04 15:28:29
USR0043,2024-10-04 15:54:57
USR0129,2024-10-04 16:20:00
USR0064,2024-10-04 16:41:18
USR0243,2024-10-04 16:54:32
USR0077,2024-10-04 17:28:39
USR0163,2024-10-04 18:54:42
USR0249,2024-10-04 19:20:45
USR0184,2024-10-04 19:41:03
USR0079,2024-10-07 08:14:42
USR0006,2024-10-07 08:35:00
USR0185,2024-10-07 08:48:14
USR0206,2024-10-07 09:35:35
USR0105,2024-10-07 10:48:24
USR0012,2024-10-07 11:01:13
USR0199,2024-10-07 11:14:27
USR0126,2024-10-07 11:35:45
USR0098,2024-10-07 12:27:16
USR0025,2024-10-07 12:48:34
USR0119,2024-10-07 13:14:37
USR0046,2024-10-07 13:35:55
USR0225,2024-10-07 13:48:09
USR0132,2024-10-07 14:01:58
USR0246,2024-10-07 14:35:30
USR0052,2024-10-07 16:01:08
USR0239,2024-10-07 16:14:22
USR0166,2024-10-07 16:35:40
USR0252,2024-10-07 17:01:43
USR0065,2024-10-07 17:48:29
USR0172,2024-10-07 19:01:53
USR0180,2024-10-08 08:01:04
USR0014,2024-10-08 09:35:11
USR0193,2024-10-08 09:48:25
USR0100,2024-10-08 10:01:14
USR0007,2024-10-08 11:14:03
USR0113,2024-10-08 11:48:35
USR0134,2024-10-08 12:35:56
USR0033,2024-10-08 13:48:45
USR0127,2024-10-08 14:14:48
USR0054,2024-10-08 14:35:06
USR0233,2024-10-08 14:48:20
USR0140,2024-10-08 15:01:09
USR0254,2024-10-08 15:35:41
USR0047,2024-10-08 16:14:58
USR0153,2024-10-08 16:48:30
USR0060,2024-10-08 17:01:19
USR0247,2024-10-08 17:14:33
USR0174,2024-10-08 17:35:51
USR0073,2024-10-08 18:48:40
USR0167,2024-10-08 19:14:43
USR0094,2024-10-08 19:35:01
USR0175,2024-10-09 08:14:54
USR0102,2024-10-09 08:35:12
USR0188,2024-10-09 09:01:15
USR0074,2024-10-09 09:27:43
USR0001,2024-10-09 09:48:01
USR0201,2024-10-09 10:48:36
USR0108,2024-10-09 11:01:25
USR0222,2024-10-09 11:35:57
USR0194,2024-10-09 12:27:28
USR0121,2024-10-09 12:48:46
USR0142,2024-10-09 13:35:07
USR0228,2024-10-09 14:01:10
USR0041,2024-10-09 14:48:56
USR0062,2024-10-09 15:35:17
USR0241,2024-10-09 15:48:31
USR0055,2024-10-09 17:14:09
USR0161,2024-10-09 17:48:41
USR0068,2024-10-09 18:01:30
USR0182,2024-10-09 18:35:02
USR0089,2024-10-10 08:48:02
USR0110,2024-10-10 09:35:23
USR0196,2024-10-10 10:01:26
USR0009,2024-10-10 10:48:12
USR0103,2024-10-10 11:14:15
USR0030,2024-10-10 11:35:33
USR0116,2024-10-10 12:01:36
USR0002,2024-10-10 12:27:04
USR0230,2024-10-10 12:35:08
USR0129,2024-10-10 13:48:57
USR0036,2024-10-10 14:01:46
USR0236,2024-10-10 15:01:21
USR0122,2024-10-10 15:27:49
USR0049,2024-10-10 15:48:07
USR0143,2024-10-10 16:14:10
USR0070,2024-10-10 16:35:28
USR0249,2024-10-10 16:48:42
USR0242,2024-10-10 18:27:34
USR0169,2024-10-10 18:48:52
USR0076,2024-10-10 19:01:41
USR0190,2024-10-10 19:35:13
USR0198,2024-10-11 08:35:24
USR0170,2024-10-11 09:27:55
USR0097,2024-10-11 09:48:13
USR0004,2024-10-11 10:01:02
USR0191,2024-10-11 10:14:16
USR0118,2024-10-11 10:35:34
USR0204,2024-10-11 11:01:37
USR0038,2024-10-11 12:35:44
USR0217,2024-10-11 12:48:58
USR0124,2024-10-11 13:01:47
USR0238,2024-10-11 13:35:19
USR0137,2024-10-11 14:48:08
USR0044,2024-10-11 15:01:57
USR0158,2024-10-11 15:35:29
USR0244,2024-10-11 16:01:32
USR0057,2024-10-11 16:48:18
USR0078,2024-10-11 17:35:39
USR0164,2024-10-11 18:01:42
USR0050,2024-10-11 18:27:10
USR0071,2024-10-11 19:14:31
USR0177,2024-10-11 19:48:03
USR0007,2024-10-14 08:42:00
USR0186,2024-10-14 08:55:14
USR0207,2024-10-14 09:42:35
USR0106,2024-10-14 10:55:24
USR0013,2024-10-14 11:08:13
USR0127,2024-10-14 11:42:45
USR0026,2024-10-14 12:55:34
USR0120,2024-10-14 13:21:37
USR0047,2024-10-14 13:42:55
USR0226,2024-10-14 13:55:09
USR0133,2024-10-14 14:08:58
USR0247,2024-10-14 14:42:30
USR0040,2024-10-14 15:21:47
USR0053,2024-10-14 16:08:08
USR0240,2024-10-14 16:21:22
USR0167,2024-10-14 16:42:40
USR0253,2024-10-14 17:08:43
USR0139,2024-10-14 17:34:11
USR0066,2024-10-14 17:55:29
USR0087,2024-10-14 18:42:50
USR0173,2024-10-14 19:08:53
USR0181,2024-10-15 08:08:04
USR0067,2024-10-15 08:34:32
USR0015,2024-10-15 09:42:11
USR0194,2024-10-15 09:55:25
USR0101,2024-10-15 10:08:14
USR0215,2024-10-15 10:42:46
USR0187,2024-10-15 11:34:17
USR0114,2024-10-15 11:55:35
USR0208,2024-10-15 12:21:38
USR0135,2024-10-15 12:42:56
USR0034,2024-10-15 13:55:45
USR0055,2024-10-15 14:42:06
USR0234,2024-10-15 14:55:20
USR0141,2024-10-15 15:08:09
USR0255,2024-10-15 15:42:41
USR0048,2024-10-15 16:21:58
USR0154,2024-10-15 16:55:30
USR0061,2024-10-15 17:08:19
USR0175,2024-10-15 17:42:51
USR0074,2024-10-15 18:55:40
USR0168,2024-10-15 19:21:43
USR0095,2024-10-15 19:42:01
USR0103,2024-10-16 08:42:12
USR0189,2024-10-16 09:08:15
USR0002,2024-10-16 09:55:01
USR0023,2024-10-16 10:42:22
USR0202,2024-10-16 10:55:36
USR0109,2024-10-16 11:08:25
USR0223,2024-10-16 11:42:57
USR0016,2024-10-16 12:21:14
USR0122,2024-10-16 12:55:46
USR0143,2024-10-16 13:42:07
USR0229,2024-10-16 14:08:10
USR0115,2024-10-16 14:34:38
USR0042,2024-10-16 14:55:56
USR0136,2024-10-16 15:21:59
USR0063,2024-10-16 15:42:17
USR0242,2024-10-16 15:55:31
USR0235,2024-10-16 17:34:23
USR0162,2024-10-16 17:55:41
USR0069,2024-10-16 18:08:30
USR0256,2024-10-16 18:21:44
USR0183,2024-10-16 18:42:02
USR0163,2024-10-17 08:34:44
USR0090,2024-10-17 08:55:02
USR0184,2024-10-17 09:21:05
USR0111,2024-10-17 09:42:23
USR0197,2024-10-17 10:08:26
USR0010,2024-10-17 10:55:12
USR0031,2024-10-17 11:42:33
USR0117,2024-10-17 12:08:36
USR0231,2024-10-17 12:42:08
USR0130,2024-10-17 13:55:57
USR0037,2024-10-17 14:08:46
USR0151,2024-10-17 14:42:18
USR0237,2024-10-17 15:08:21
USR0050,2024-10-17 15:55:07
USR0144,2024-10-17 16:21:10
USR0071,2024-10-17 16:42:28
USR0250,2024-10-17 16:55:42
USR0043,2024-10-17 17:34:59
USR0064,2024-10-17 18:21:20
USR0170,2024-10-17 18:55:52
USR0077,2024-10-17 19:08:41
USR0191,2024-10-17 19:42:13
USR0199,2024-10-18 08:42:24
USR0098,2024-10-18 09:55:13
USR0005,2024-10-18 10:08:02
USR0192,2024-10-18 10:21:16
USR0119,2024-10-18 10:42:34
USR0205,2024-10-18 11:08:37
USR0112,2024-10-18 12:21:26
USR0039,2024-10-18 12:42:44
USR0218,2024-10-18 12:55:58
USR0125,2024-10-18 13:08:47
USR0239,2024-10-18 13:42:19
USR0138,2024-10-18 14:55:08
USR0045,2024-10-18 15:08:57
USR0232,2024-10-18 15:21:11
USR0159,2024-10-18 15:42:29
USR0245,2024-10-18 16:08:32
USR0058,2024-10-18 16:55:18
USR0079,2024-10-18 17:42:39
USR0165,2024-10-18 18:08:42
USR0072,2024-10-18 19:21:31
USR0178,2024-10-18 19:55:03
USR0187,2024-10-21 08:02:14
USR0073,2024-10-21 08:28:42
USR0008,2024-10-21 08:49:00
USR0208,2024-10-21 09:49:35
USR0107,2024-10-21 10:02:24
USR0180,2024-10-21 10:41:06
USR0014,2024-10-21 11:15:13
USR0193,2024-10-21 11:28:27
USR0128,2024-10-21 11:49:45
USR0027,2024-10-21 12:02:34
USR0227,2024-10-21 13:02:09
USR0048,2024-10-21 13:49:55
USR0134,2024-10-21 14:15:58
USR0248,2024-10-21 14:49:30
USR0033,2024-10-21 15:28:47
USR0054,2024-10-21 16:15:08
USR0168,2024-10-21 16:49:40
USR0067,2024-10-21 17:02:29
USR0254,2024-10-21 17:15:43
USR0174,2024-10-21 19:15:53
USR0060,2024-10-21 19:41:21
USR0182,2024-10-22 08:15:04
USR0195,2024-10-22 09:02:25
USR0016,2024-10-22 09:49:11
USR0102,2024-10-22 10:15:14
USR0115,2024-10-22 11:02:35
USR0001,2024-10-22 11:28:03
USR0201,2024-10-22 12:28:38
USR0136,2024-10-22 12:49:56
USR0035,2024-10-22 13:02:45
USR0108,2024-10-22 13:41:27
USR0235,2024-10-22 14:02:20
USR0121,2024-10-22 14:28:48
USR0056,2024-10-22 14:49:06
USR0142,2024-10-22 15:15:09
USR0256,2024-10-22 15:49:41
USR0155,2024-10-22 16:02:30
USR0228,2024-10-22 16:41:12
USR0062,2024-10-22 17:15:19
USR0241,2024-10-22 17:28:33
USR0176,2024-10-22 17:49:51
USR0075,2024-10-22 18:02:40
USR0096,2024-10-22 19:49:01
USR0169,2024-10-23 08:28:54
USR0104,2024-10-23 08:49:12
USR0003,2024-10-23 09:02:01
USR0190,2024-10-23 09:15:15
USR0203,2024-10-23 10:02:36
USR0110,2024-10-23 11:15:25
USR0224,2024-10-23 11:49:57
USR0123,2024-10-23 12:02:46
USR0009,2024-10-23 12:28:14
USR0144,2024-10-23 13:49:07
USR0043,2024-10-23 14:02:56
USR0230,2024-10-23 14:15:10
USR0243,2024-10-23 15:02:31
USR0129,2024-10-23 15:28:59
USR0064,2024-10-23 15:49:17
USR0036,2024-10-23 16:41:48
USR0163,2024-10-23 17:02:41
USR0049,2024-10-23 17:28:09
USR0070,2024-10-23 18:15:30
USR0249,2024-10-23 18:28:44
USR0184,2024-10-23 18:49:02
USR0091,2024-10-24 08:02:02
USR0177,2024-10-24 09:28:05
USR0112,2024-10-24 09:49:23
USR0011,2024-10-24 10:02:12
USR0198,2024-10-24 10:15:26
USR0097,2024-10-24 11:28:15
USR0032,2024-10-24 11:49:33
USR0118,2024-10-24 12:15:36
USR0232,2024-10-24 12:49:08
USR0131,2024-10-24 13:02:57
USR0204,2024-10-24 13:41:39
USR0038,2024-10-24 14:15:46
USR0051,2024-10-24 15:02:07
USR0238,2024-10-24 15:15:21
USR0251,2024-10-24 16:02:42
USR0072,2024-10-24 16:49:28
USR0171,2024-10-24 18:02:52
USR0057,2024-10-24 18:28:20
USR0078,2024-10-24 19:15:41
USR0192,2024-10-24 19:49:13
USR0200,2024-10-25 08:49:24
USR0099,2024-10-25 09:02:13
USR0006,2024-10-25 10:15:02
USR0120,2024-10-25 10:49:34
USR0206,2024-10-25 11:15:37
USR0219,2024-10-25 12:02:58
USR0105,2024-10-25 12:28:26
USR0040,2024-10-25 12:49:44
USR0126,2024-10-25 13:15:47
USR0012,2024-10-25 13:41:15
USR0240,2024-10-25 13:49:19
USR0139,2024-10-25 14:02:08
USR0046,2024-10-25 15:15:57
USR0225,2024-10-25 15:28:11
USR0160,2024-10-25 15:49:29
USR0059,2024-10-25 16:02:18
USR0246,2024-10-25 16:15:32
USR0132,2024-10-25 16:41:00
USR0080,2024-10-25 17:49:39
USR0166,2024-10-25 18:15:42
USR0179,2024-10-25 19:02:03
USR0252,2024-10-25 19:41:45
USR0188,2024-10-28 08:09:14
USR0074,2024-10-28 08:35:42
USR0001,2024-10-28 08:56:00
USR0201,2024-10-28 09:56:35
USR0108,2024-10-28 10:09:24
USR0015,2024-10-28 11:22:13
USR0194,2024-10-28 11:35:27
USR0121,2024-10-28 11:56:45
USR0028,2024-10-28 12:09:34
USR0101,2024-10-28 12:48:16
USR0228,2024-10-28 13:09:09
USR0114,2024-10-28 13:35:37
USR0041,2024-10-28 13:56:55
USR0135,2024-10-28 14:22:58
USR0241,2024-10-28 14:56:30
USR0055,2024-10-28 16:22:08
USR0234,2024-10-28 16:35:22
USR0161,2024-10-28 16:56:40
USR0068,2024-10-28 17:09:29
USR0255,2024-10-28 17:22:43
USR0175,2024-10-28 19:22:53
USR0183,2024-10-29 08:22:04
USR0196,2024-10-29 09:09:25
USR0009,2024-10-29 09:56:11
USR0103,2024-10-29 10:22:14
USR0116,2024-10-29 11:09:35
USR0002,2024-10-29 11:35:03
USR0129,2024-10-29 12:56:56
USR0036,2024-10-29 13:09:45
USR0236,2024-10-29 14:09:20
USR0122,2024-10-29 14:35:48
USR0049,2024-10-29 14:56:06
USR0143,2024-10-29 15:22:09
USR0249,2024-10-29 15:56:41
USR0156,2024-10-29 16:09:30
USR0042,2024-10-29 16:35:58
USR0063,2024-10-29 17:22:19
USR0242,2024-10-29 17:35:33
USR0169,2024-10-29 17:56:51
USR0076,2024-10-29 18:09:40
USR0162,2024-10-29 19:35:43
USR0089,2024-10-29 19:56:01
USR0170,2024-10-30 08:35:54
USR0097,2024-10-30 08:56:12
USR0004,2024-10-30 09:09:01
USR0191,2024-10-30 09:22:15
USR0077,2024-10-30 09:48:43
USR0204,2024-10-30 10:09:36
USR0111,2024-10-30 11:22:25
USR0217,2024-10-30 11:56:57
USR0124,2024-10-30 12:09:46
USR0197,2024-10-30 12:48:28
USR0137,2024-10-30 13:56:07
USR0044,2024-10-30 14:09:56
USR0231,2024-10-30 14:22:10
USR0244,2024-10-30 15:09:31
USR0057,2024-10-30 15:56:17
USR0164,2024-10-30 17:09:41
USR0050,2024-10-30 17:35:09
USR0071,2024-10-30 18:22:30
USR0177,2024-10-30 18:56:02
USR0092,2024-10-31 08:09:02
USR0105,2024-10-31 09:56:23
USR0012,2024-10-31 10:09:12
USR0199,2024-10-31 10:22:26
USR0098,2024-10-31 11:35:15
USR0025,2024-10-31 11:56:33
USR0119,2024-10-31 12:22:36
USR0005,2024-10-31 12:48:04
USR0225,2024-10-31 12:56:08
USR0132,2024-10-31 13:09:57
USR0039,2024-10-31 14:22:46
USR0052,2024-10-31 15:09:07
USR0239,2024-10-31 15:22:21
USR0125,2024-10-31 15:48:49
USR0252,2024-10-31 16:09:42
USR0138,2024-10-31 16:35:10
USR0065,2024-10-31 16:56:28
USR0172,2024-10-31 18:09:52
USR0245,2024-10-31 18:48:34
USR0079,2024-10-31 19:22:41
USR0185,2024-10-31 19:56:13
USR0193,2024-11-01 08:56:24
USR0100,2024-11-01 09:09:13
USR0173,2024-11-01 09:48:55
USR0007,2024-11-01 10:22:02
USR0186,2024-11-01 10:35:16
USR0113,2024-11-01 10:56:34
USR0207,2024-11-01 11:22:37
USR0220,2024-11-01 12:09:58
USR0033,2024-11-01 12:56:44
USR0127,2024-11-01 13:22:47
USR0233,2024-11-01 13:56:19
USR0140,2024-11-01 14:09:08
USR0047,2024-11-01 15:22:57
USR0153,2024-11-01 15:56:29
USR0060,2024-11-01 16:09:18
USR0247,2024-11-01 16:22:32
USR0073,2024-11-01 17:56:39
USR0167,2024-11-01 18:22:42
USR0053,2024-11-01 18:48:10
USR0180,2024-11-01 19:09:03
USR0066,2024-11-01 19:35:31
USR0002,2024-11-04 08:03:00
USR0189,2024-11-04 08:16:14
USR0202,2024-11-04 09:03:35
USR0109,2024-11-04 10:16:24
USR0122,2024-11-04 11:03:45
USR0016,2024-11-04 11:29:13
USR0029,2024-11-04 12:16:34
USR0042,2024-11-04 13:03:55
USR0229,2024-11-04 13:16:09
USR0115,2024-11-04 13:42:37
USR0242,2024-11-04 14:03:30
USR0136,2024-11-04 14:29:58
USR0035,2024-11-04 15:42:47
USR0162,2024-11-04 16:03:40
USR0056,2024-11-04 16:29:08
USR0235,2024-11-04 16:42:22
USR0069,2024-11-04 17:16:29
USR0256,2024-11-04 17:29:43
USR0142,2024-11-04 17:55:11
USR0082,2024-11-04 18:03:50
USR0176,2024-11-04 19:29:53
USR0184,2024-11-05 08:29:04
USR0070,2024-11-05 08:55:32
USR0010,2024-11-05 09:03:11
USR0197,2024-11-05 09:16:25
USR0210,2024-11-05 10:03:46
USR0104,2024-11-05 10:29:14
USR0117,2024-11-05 11:16:35
USR0190,2024-11-05 11:55:17
USR0130,2024-11-05 12:03:56
USR0203,2024-11-05 12:42:38
USR0037,2024-11-05 13:16:45
USR0050,2024-11-05 14:03:06
USR0237,2024-11-05 14:16:20
USR0250,2024-11-05 15:03:41
USR0144,2024-11-05 15:29:09
USR0157,2024-11-05 16:16:30
USR0043,2024-11-05 16:42:58
USR0170,2024-11-05 17:03:51
USR0064,2024-11-05 17:29:19
USR0077,2024-11-05 18:16:40
USR0090,2024-11-05 19:03:01
USR0163,2024-11-05 19:42:43
USR0098,2024-11-06 08:03:12
USR0005,2024-11-06 09:16:01
USR0192,2024-11-06 09:29:15
USR0018,2024-11-06 10:03:22
USR0205,2024-11-06 10:16:36
USR0218,2024-11-06 11:03:57
USR0112,2024-11-06 11:29:25
USR0125,2024-11-06 12:16:46
USR0011,2024-11-06 12:42:14
USR0138,2024-11-06 13:03:07
USR0045,2024-11-06 14:16:56
USR0232,2024-11-06 14:29:10
USR0118,2024-11-06 14:55:38
USR0058,2024-11-06 15:03:17
USR0245,2024-11-06 15:16:31
USR0131,2024-11-06 15:42:59
USR0165,2024-11-06 17:16:41
USR0238,2024-11-06 17:55:23
USR0178,2024-11-06 18:03:02
USR0072,2024-11-06 18:29:30
USR0251,2024-11-06 18:42:44
USR0093,2024-11-07 08:16:02
USR0166,2024-11-07 08:55:44
USR0106,2024-11-07 09:03:23
USR0179,2024-11-07 09:42:05
USR0013,2024-11-07 10:16:12
USR0200,2024-11-07 10:29:26
USR0026,2024-11-07 11:03:33
USR0226,2024-11-07 12:03:08
USR0120,2024-11-07 12:29:36
USR0133,2024-11-07 13:16:57
USR0146,2024-11-07 14:03:18
USR0040,2024-11-07 14:29:46
USR0053,2024-11-07 15:16:07
USR0240,2024-11-07 15:29:21
USR0066,2024-11-07 16:03:28
USR0253,2024-11-07 16:16:42
USR0139,2024-11-07 16:42:10
USR0046,2024-11-07 17:55:59
USR0173,2024-11-07 18:16:52
USR0059,2024-11-07 18:42:20
USR0186,2024-11-07 19:03:13
USR0080,2024-11-07 19:29:41
USR0194,2024-11-08 08:03:24
USR0101,2024-11-08 09:16:13
USR0114,2024-11-08 10:03:34
USR0008,2024-11-08 10:29:02
USR0187,2024-11-08 10:42:16
USR0208,2024-11-08 11:29:37
USR0034,2024-11-08 12:03:44
USR0221,2024-11-08 12:16:58
USR0107,2024-11-08 12:42:26
USR0234,2024-11-08 13:03:19
USR0128,2024-11-08 13:29:47
USR0141,2024-11-08 14:16:08
USR0154,2024-11-08 15:03:29
USR0048,2024-11-08 15:29:57
USR0227,2024-11-08 15:42:11
USR0061,2024-11-08 16:16:18
USR0248,2024-11-08 16:29:32
USR0074,2024-11-08 17:03:39
USR0168,2024-11-08 18:29:42
USR0181,2024-11-08 19:16:03
USR0067,2024-11-08 19:42:31
USR0003,2024-11-11 08:10:00
USR0190,2024-11-11 08:23:14
USR0076,2024-11-11 08:49:42
USR0203,2024-11-11 09:10:35
USR0183,2024-11-11 10:02:06
USR0110,2024-11-11 10:23:24
USR0123,2024-11-11 11:10:45
USR0009,2024-11-11 11:36:13
USR0196,2024-11-11 11:49:27
USR0030,2024-11-11 12:23:34
USR0043,2024-11-11 13:10:55
USR0230,2024-11-11 13:23:09
USR0243,2024-11-11 14:10:30
USR0129,2024-11-11 14:36:58
USR0036,2024-11-11 15:49:47
USR0163,2024-11-11 16:10:40
USR0049,2024-11-11 16:36:08
USR0070,2024-11-11 17:23:29
USR0249,2024-11-11 17:36:43
USR0063,2024-11-11 19:02:21
USR0169,2024-11-11 19:36:53
USR0177,2024-11-12 08:36:04
USR0011,2024-11-12 09:10:11
USR0198,2024-11-12 09:23:25
USR0097,2024-11-12 10:36:14
USR0118,2024-11-12 11:23:35
USR0004,2024-11-12 11:49:03
USR0131,2024-11-12 12:10:56
USR0204,2024-11-12 12:49:38
USR0111,2024-11-12 13:02:27
USR0038,2024-11-12 13:23:45
USR0051,2024-11-12 14:10:06
USR0238,2024-11-12 14:23:20
USR0124,2024-11-12 14:49:48
USR0251,2024-11-12 15:10:41
USR0137,2024-11-12 15:36:09
USR0231,2024-11-12 16:02:12
USR0158,2024-11-12 16:23:30
USR0171,2024-11-12 17:10:51
USR0057,2024-11-12 17:36:19
USR0244,2024-11-12 17:49:33
USR0078,2024-11-12 18:23:40
USR0091,2024-11-12 19:10:01
USR0099,2024-11-13 08:10:12
USR0172,2024-11-13 08:49:54
USR0006,2024-11-13 09:23:01
USR0185,2024-11-13 09:36:15
USR0206,2024-11-13 10:23:36
USR0219,2024-11-13 11:10:57
USR0105,2024-11-13 11:36:25
USR0126,2024-11-13 12:23:46
USR0012,2024-11-13 12:49:14
USR0139,2024-11-13 13:10:07
USR0046,2024-11-13 14:23:56
USR0225,2024-11-13 14:36:10
USR0059,2024-11-13 15:10:17
USR0246,2024-11-13 15:23:31
USR0132,2024-11-13 15:49:59
USR0039,2024-11-13 16:02:48
USR0166,2024-11-13 17:23:41
USR0052,2024-11-13 17:49:09
USR0179,2024-11-13 18:10:02
USR0065,2024-11-13 18:36:30
USR0252,2024-11-13 18:49:44
USR0094,2024-11-14 08:23:02
USR0107,2024-11-14 09:10:23
USR0180,2024-11-14 09:49:05
USR0014,2024-11-14 10:23:12
USR0193,2024-11-14 10:36:26
USR0027,2024-11-14 11:10:33
USR0100,2024-11-14 11:49:15
USR0227,2024-11-14 12:10:08
USR0113,2024-11-14 12:36:36
USR0207,2024-11-14 13:02:39
USR0134,2024-11-14 13:23:57
USR0033,2024-11-14 14:36:46
USR0054,2024-11-14 15:23:07
USR0233,2024-11-14 15:36:21
USR0067,2024-11-14 16:10:28
USR0254,2024-11-14 16:23:42
USR0174,2024-11-14 18:23:52
USR0060,2024-11-14 18:49:20
USR0187,2024-11-14 19:10:13
USR0073,2024-11-14 19:36:41
USR0195,2024-11-15 08:10:24
USR0102,2024-11-15 09:23:13
USR0115,2024-11-15 10:10:34
USR0001,2024-11-15 10:36:02
USR0201,2024-11-15 11:36:37
USR0035,2024-11-15 12:10:44
USR0222,2024-11-15 12:23:58
USR0108,2024-11-15 12:49:26
USR0015,2024-11-15 13:02:15
USR0235,2024-11-15 13:10:19
USR0121,2024-11-15 13:36:47
USR0142,2024-11-15 14:23:08
USR0155,2024-11-15 15:10:29
USR0041,2024-11-15 15:36:57
USR0228,2024-11-15 15:49:11
USR0135,2024-11-15 16:02:00
USR0062,2024-11-15 16:23:18
USR0241,2024-11-15 16:36:32
USR0075,2024-11-15 17:10:39
USR0161,2024-11-15 18:36:42
USR0255,2024-11-15 19:02:45
USR0182,2024-11-15 19:23:03
USR0004,2024-11-18 08:17:00
USR0191,2024-11-18 08:30:14
USR0077,2024-11-18 08:56:42
USR0204,2024-11-18 09:17:35
USR0111,2024-11-18 10:30:24
USR0124,2024-11-18 11:17:45
USR0010,2024-11-18 11:43:13
USR0197,2024-11-18 11:56:27
USR0104,2024-11-18 12:09:16
USR0031,2024-11-18 12:30:34
USR0044,2024-11-18 13:17:55
USR0231,2024-11-18 13:30:09
USR0117,2024-11-18 13:56:37
USR0244,2024-11-18 14:17:30
USR0130,2024-11-18 14:43:58
USR0164,2024-11-18 16:17:40
USR0050,2024-11-18 16:43:08
USR0237,2024-11-18 16:56:22
USR0071,2024-11-18 17:30:29
USR0250,2024-11-18 17:43:43
USR0170,2024-11-18 19:43:53
USR0178,2024-11-19 08:43:04
USR0012,2024-11-19 09:17:11
USR0199,2024-11-19 09:30:25
USR0098,2024-11-19 10:43:14
USR0119,2024-11-19 11:30:35
USR0005,2024-11-19 11:56:03
USR0132,2024-11-19 12:17:56
USR0039,2024-11-19 13:30:45
USR0052,2024-11-19 14:17:06
USR0239,2024-11-19 14:30:20
USR0125,2024-11-19 14:56:48
USR0252,2024-11-19 15:17:41
USR0138,2024-11-19 15:43:09
USR0159,2024-11-19 16:30:30
USR0045,2024-11-19 16:56:58
USR0172,2024-11-19 17:17:51
USR0058,2024-11-19 17:43:19
USR0245,2024-11-19 17:56:33
USR0079,2024-11-19 18:30:40
USR0092,2024-11-19 19:17:01
USR0165,2024-11-19 19:56:43
USR0100,2024-11-20 08:17:12
USR0173,2024-11-20 08:56:54
USR0080,2024-11-20 09:09:43
USR0007,2024-11-20 09:30:01
USR0186,2024-11-20 09:43:15
USR0207,2024-11-20 10:30:36
USR0220,2024-11-20 11:17:57
USR0106,2024-11-20 11:43:25
USR0200,2024-11-20 12:09:28
USR0127,2024-11-20 12:30:46
USR0140,2024-11-20 13:17:07
USR0047,2024-11-20 14:30:56
USR0226,2024-11-20 14:43:10
USR0060,2024-11-20 15:17:17
USR0247,2024-11-20 15:30:31
USR0167,2024-11-20 17:30:41
USR0053,2024-11-20 17:56:09
USR0180,2024-11-20 18:17:02
USR0066,2024-11-20 18:43:30
USR0095,2024-11-21 08:30:02
USR0108,2024-11-21 09:17:23
USR0015,2024-11-21 10:30:12
USR0194,2024-11-21 10:43:26
USR0028,2024-11-21 11:17:33
USR0101,2024-11-21 11:56:15
USR0008,2024-11-21 12:09:04
USR0228,2024-11-21 12:17:08
USR0114,2024-11-21 12:43:36
USR0135,2024-11-21 13:30:57
USR0034,2024-11-21 14:43:46
USR0128,2024-11-21 15:09:49
USR0055,2024-11-21 15:30:07
USR0234,2024-11-21 15:43:21
USR0068,2024-11-21 16:17:28
USR0255,2024-11-21 16:30:42
USR0141,2024-11-21 16:56:10
USR0248,2024-11-21 18:09:34
USR0175,2024-11-21 18:30:52
USR0188,2024-11-21 19:17:13
USR0074,2024-11-21 19:43:41
USR0196,2024-11-22 08:17:24
USR0176,2024-11-22 09:09:55
USR0103,2024-11-22 09:30:13
USR0116,2024-11-22 10:17:34
USR0002,2024-11-22 10:43:02
USR0189,2024-11-22 10:56:16
USR0202,2024-11-22 11:43:37
USR0036,2024-11-22 12:17:44
USR0223,2024-11-22 12:30:58
USR0236,2024-11-22 13:17:19
USR0122,2024-11-22 13:43:47
USR0143,2024-11-22 14:30:08
USR0156,2024-11-22 15:17:29
USR0042,2024-11-22 15:43:57
USR0063,2024-11-22 16:30:18
USR0242,2024-11-22 16:43:32
USR0076,2024-11-22 17:17:39
USR0056,2024-11-22 18:09:10
USR0162,2024-11-22 18:43:42
USR0183,2024-11-22 19:30:03
USR0069,2024-11-22 19:56:31
USR0005,2024-11-25 08:24:00
USR0192,2024-11-25 08:37:14
USR0205,2024-11-25 09:24:35
USR0112,2024-11-25 10:37:24
USR0125,2024-11-25 11:24:45
USR0011,2024-11-25 11:50:13
USR0032,2024-11-25 12:37:34
USR0118,2024-11-25 13:03:37
USR0045,2024-11-25 13:24:55
USR0232,2024-11-25 13:37:09
USR0245,2024-11-25 14:24:30
USR0131,2024-11-25 14:50:58
USR0038,2024-11-25 15:03:47
USR0238,2024-11-25 16:03:22
USR0165,2024-11-25 16:24:40
USR0051,2024-11-25 16:50:08
USR0137,2024-11-25 17:16:11
USR0072,2024-11-25 17:37:29
USR0251,2024-11-25 17:50:43
USR0085,2024-11-25 18:24:50
USR0171,2024-11-25 19:50:53
USR0065,2024-11-26 08:16:32
USR0179,2024-11-26 08:50:04
USR0013,2024-11-26 09:24:11
USR0200,2024-11-26 09:37:25
USR0213,2024-11-26 10:24:46
USR0099,2024-11-26 10:50:14
USR0185,2024-11-26 11:16:17
USR0120,2024-11-26 11:37:35
USR0206,2024-11-26 12:03:38
USR0133,2024-11-26 12:24:56
USR0040,2024-11-26 13:37:45
USR0053,2024-11-26 14:24:06
USR0240,2024-11-26 14:37:20
USR0253,2024-11-26 15:24:41
USR0139,2024-11-26 15:50:09
USR0046,2024-11-26 16:03:58
USR0160,2024-11-26 16:37:30
USR0173,2024-11-26 17:24:51
USR0059,2024-11-26 17:50:19
USR0080,2024-11-26 18:37:40
USR0166,2024-11-26 19:03:43
USR0093,2024-11-26 19:24:01
USR0101,2024-11-27 08:24:12
USR0008,2024-11-27 09:37:01
USR0187,2024-11-27 09:50:15
USR0021,2024-11-27 10:24:22
USR0208,2024-11-27 10:37:36
USR0221,2024-11-27 11:24:57
USR0107,2024-11-27 11:50:25
USR0014,2024-11-27 12:03:14
USR0128,2024-11-27 12:37:46
USR0141,2024-11-27 13:24:07
USR0113,2024-11-27 14:16:38
USR0048,2024-11-27 14:37:56
USR0227,2024-11-27 14:50:10
USR0134,2024-11-27 15:03:59
USR0061,2024-11-27 15:24:17
USR0248,2024-11-27 15:37:31
USR0233,2024-11-27 17:16:23
USR0168,2024-11-27 17:37:41
USR0254,2024-11-27 18:03:44
USR0181,2024-11-27 18:24:02
USR0067,2024-11-27 18:50:30
USR0161,2024-11-28 08:16:44
USR0096,2024-11-28 08:37:02
USR0182,2024-11-28 09:03:05
USR0109,2024-11-28 09:24:23
USR0016,2024-11-28 10:37:12
USR0195,2024-11-28 10:50:26
USR0029,2024-11-28 11:24:33
USR0229,2024-11-28 12:24:08
USR0115,2024-11-28 12:50:36
USR0136,2024-11-28 13:37:57
USR0149,2024-11-28 14:24:18
USR0035,2024-11-28 14:50:46
USR0056,2024-11-28 15:37:07
USR0235,2024-11-28 15:50:21
USR0142,2024-11-28 16:03:10
USR0069,2024-11-28 16:24:28
USR0256,2024-11-28 16:37:42
USR0041,2024-11-28 17:16:59
USR0062,2024-11-28 18:03:20
USR0176,2024-11-28 18:37:52
USR0189,2024-11-28 19:24:13
USR0075,2024-11-28 19:50:41
USR0197,2024-11-29 08:24:24
USR0104,2024-11-29 09:37:13
USR0190,2024-11-29 10:03:16
USR0117,2024-11-29 10:24:34
USR0003,2024-11-29 10:50:02
USR0203,2024-11-29 11:50:37
USR0110,2024-11-29 12:03:26
USR0037,2024-11-29 12:24:44
USR0224,2024-11-29 12:37:58
USR0237,2024-11-29 13:24:19
USR0123,2024-11-29 13:50:47
USR0144,2024-11-29 14:37:08
USR0230,2024-11-29 15:03:11
USR0157,2024-11-29 15:24:29
USR0043,2024-11-29 15:50:57
USR0064,2024-11-29 16:37:18
USR0243,2024-11-29 16:50:32
USR0077,2024-11-29 17:24:39
USR0163,2024-11-29 18:50:42
USR0070,2024-11-29 19:03:31
USR0184,2024-11-29 19:37:03
USR0079,2024-12-02 08:10:42
USR0006,2024-12-02 08:31:00
USR0185,2024-12-02 08:44:14
USR0206,2024-12-02 09:31:35
USR0178,2024-12-02 10:23:06
USR0105,2024-12-02 10:44:24
USR0199,2024-12-02 11:10:27
USR0126,2024-12-02 11:31:45
USR0012,2024-12-02 11:57:13
USR0025,2024-12-02 12:44:34
USR0046,2024-12-02 13:31:55
USR0225,2024-12-02 13:44:09
USR0246,2024-12-02 14:31:30
USR0132,2024-12-02 14:57:58
USR0039,2024-12-02 15:10:47
USR0166,2024-12-02 16:31:40
USR0052,2024-12-02 16:57:08
USR0065,2024-12-02 17:44:29
USR0252,2024-12-02 17:57:43
USR0058,2024-12-02 19:23:21
USR0172,2024-12-02 19:57:53
USR0180,2024-12-03 08:57:04
USR0014,2024-12-03 09:31:11
USR0193,2024-12-03 09:44:25
USR0100,2024-12-03 10:57:14
USR0007,2024-12-03 11:10:03
USR0113,2024-12-03 11:44:35
USR0207,2024-12-03 12:10:38
USR0134,2024-12-03 12:31:56
USR0106,2024-12-03 13:23:27
USR0033,2024-12-03 13:44:45
USR0127,2024-12-03 14:10:48
USR0054,2024-12-03 14:31:06
USR0233,2024-12-03 14:44:20
USR0254,2024-12-03 15:31:41
USR0140,2024-12-03 15:57:09
USR0226,2024-12-03 16:23:12
USR0153,2024-12-03 16:44:30
USR0247,2024-12-03 17:10:33
USR0174,2024-12-03 17:31:51
USR0060,2024-12-03 17:57:19
USR0073,2024-12-03 18:44:40
USR0094,2024-12-03 19:31:01
USR0175,2024-12-04 08:10:54
USR0102,2024-12-04 08:31:12
USR0001,2024-12-04 09:44:01
USR0188,2024-12-04 09:57:15
USR0201,2024-12-04 10:44:36
USR0222,2024-12-04 11:31:57
USR0108,2024-12-04 11:57:25
USR0015,2024-12-04 12:10:14
USR0121,2024-12-04 12:44:46
USR0142,2024-12-04 13:31:07
USR0041,2024-12-04 14:44:56
USR0228,2024-12-04 14:57:10
USR0135,2024-12-04 15:10:59
USR0062,2024-12-04 15:31:17
USR0241,2024-12-04 15:44:31
USR0034,2024-12-04 16:23:48
USR0055,2024-12-04 17:10:09
USR0161,2024-12-04 17:44:41
USR0255,2024-12-04 18:10:44
USR0182,2024-12-04 18:31:02
USR0068,2024-12-04 18:57:30
USR0089,2024-12-05 08:44:02
USR0183,2024-12-05 09:10:05
USR0110,2024-12-05 09:31:23
USR0009,2024-12-05 10:44:12
USR0196,2024-12-05 10:57:26
USR0103,2024-12-05 11:10:15
USR0030,2024-12-05 11:31:33
USR0230,2024-12-05 12:31:08
USR0116,2024-12-05 12:57:36
USR0202,2024-12-05 13:23:39
USR0129,2024-12-05 13:44:57
USR0036,2024-12-05 14:57:46
USR0049,2024-12-05 15:44:07
USR0236,2024-12-05 15:57:21
USR0070,2024-12-05 16:31:28
USR0249,2024-12-05 16:44:42
USR0063,2024-12-05 18:10:20
USR0169,2024-12-05 18:44:52
USR0190,2024-12-05 19:31:13
USR0076,2024-12-05 19:57:41
USR0198,2024-12-06 08:31:24
USR0097,2024-12-06 09:44:13
USR0118,2024-12-06 10:31:34
USR0004,2024-12-06 10:57:02
USR0204,2024-12-06 11:57:37
USR0111,2024-12-06 12:10:26
USR0038,2024-12-06 12:31:44
USR0217,2024-12-06 12:44:58
USR0010,2024-12-06 13:23:15
USR0238,2024-12-06 13:31:19
USR0124,2024-12-06 13:57:47
USR0137,2024-12-06 14:44:08
USR0231,2024-12-06 15:10:11
USR0158,2024-12-06 15:31:29
USR0044,2024-12-06 15:57:57
USR0130,2024-12-06 16:23:00
USR0057,2024-12-06 16:44:18
USR0244,2024-12-06 16:57:32
USR0078,2024-12-06 17:31:39
USR0164,2024-12-06 18:57:42
USR0250,2024-12-06 19:23:45
USR0177,2024-12-06 19:44:03
USR0080,2024-12-09 08:17:42
USR0007,2024-12-09 08:38:00
USR0186,2024-12-09 08:51:14
USR0207,2024-12-09 09:38:35
USR0106,2024-12-09 10:51:24
USR0013,2024-12-09 11:04:13
USR0200,2024-12-09 11:17:27
USR0127,2024-12-09 11:38:45
USR0099,2024-12-09 12:30:16
USR0026,2024-12-09 12:51:34
USR0120,2024-12-09 13:17:37
USR0047,2024-12-09 13:38:55
USR0226,2024-12-09 13:51:09
USR0133,2024-12-09 14:04:58
USR0247,2024-12-09 14:38:30
USR0053,2024-12-09 16:04:08
USR0240,2024-12-09 16:17:22
USR0167,2024-12-09 16:38:40
USR0253,2024-12-09 17:04:43
USR0066,2024-12-09 17:51:29
USR0173,2024-12-09 19:04:53
USR0181,2024-12-10 08:04:04
USR0015,2024-12-10 09:38:11
USR0194,2024-12-10 09:51:25
USR0101,2024-12-10 10:04:14
USR0008,2024-12-10 11:17:03
USR0114,2024-12-10 11:51:35
USR0135,2024-12-10 12:38:56
USR0034,2024-12-10 13:51:45
USR0128,2024-12-10 14:17:48
USR0055,2024-12-10 14:38:06
USR0234,2024-12-10 14:51:20
USR0141,2024-12-10 15:04:09
USR0255,2024-12-10 15:38:41
USR0048,2024-12-10 16:17:58
USR0154,2024-12-10 16:51:30
USR0061,2024-12-10 17:04:19
USR0248,2024-12-10 17:17:33
USR0175,2024-12-10 17:38:51
USR0074,2024-12-10 18:51:40
USR0168,2024-12-10 19:17:43
USR0095,2024-12-10 19:38:01
USR0176,2024-12-11 08:17:54
USR0103,2024-12-11 08:38:12
USR0189,2024-12-11 09:04:15
USR0075,2024-12-11 09:30:43
USR0002,2024-12-11 09:51:01
USR0202,2024-12-11 10:51:36
USR0109,2024-12-11 11:04:25
USR0223,2024-12-11 11:38:57
USR0195,2024-12-11 12:30:28
USR0122,2024-12-11 12:51:46
USR0143,2024-12-11 13:38:07
USR0229,2024-12-11 14:04:10
USR0042,2024-12-11 14:51:56
USR0063,2024-12-11 15:38:17
USR0242,2024-12-11 15:51:31
USR0056,2024-12-11 17:17:09
USR0162,2024-12-11 17:51:41
USR0069,2024-12-11 18:04:30
USR0183,2024-12-11 18:38:02
USR0090,2024-12-12 08:51:02
USR0111,2024-12-12 09:38:23
USR0197,2024-12-12 10:04:26
USR0010,2024-12-12 10:51:12
USR0104,2024-12-12 11:17:15
USR0031,2024-12-12 11:38:33
USR0117,2024-12-12 12:04:36
USR0003,2024-12-12 12:30:04
USR0231,2024-12-12 12:38:08
USR0130,2024-12-12 13:51:57
USR0037,2024-12-12 14:04:46
USR0237,2024-12-12 15:04:21
USR0123,2024-12-12 15:30:49
USR0050,2024-12-12 15:51:07
USR0144,2024-12-12 16:17:10
USR0071,2024-12-12 16:38:28
USR0250,2024-12-12 16:51:42
USR0243,2024-12-12 18:30:34
USR0170,2024-12-12 18:51:52
USR0077,2024-12-12 19:04:41
USR0191,2024-12-12 19:38:13
USR0199,2024-12-13 08:38:24
USR0171,2024-12-13 09:30:55
USR0098,2024-12-13 09:51:13
USR0005,2024-12-13 10:04:02
USR0192,2024-12-13 10:17:16
USR0119,2024-12-13 10:38:34
USR0205,2024-12-13 11:04:37
USR0039,2024-12-13 12:38:44
USR0218,2024-12-13 12:51:58
USR0125,2024-12-13 13:04:47
USR0239,2024-12-13 13:38:19
USR0138,2024-12-13 14:51:08
USR0045,2024-12-13 15:04:57
USR0159,2024-12-13 15:38:29
USR0245,2024-12-13 16:04:32
USR0058,2024-12-13 16:51:18
USR0079,2024-12-13 17:38:39
USR0165,2024-12-13 18:04:42
USR0051,2024-12-13 18:30:10
USR0072,2024-12-13 19:17:31
USR0178,2024-12-13 19:51:03
USR0008,2024-12-16 08:45:00
USR0187,2024-12-16 08:58:14
USR0208,2024-12-16 09:45:35
USR0107,2024-12-16 10:58:24
USR0014,2024-12-16 11:11:13
USR0128,2024-12-16 11:45:45
USR0027,2024-12-16 12:58:34
USR0113,2024-12-16 13:24:37
USR0048,2024-12-16 13:45:55
USR0227,2024-12-16 13:58:09
USR0134,2024-12-16 14:11:58
USR0248,2024-12-16 14:45:30
USR0033,2024-12-16 15:24:47
USR0054,2024-12-16 16:11:08
USR0233,2024-12-16 16:24:22
USR0168,2024-12-16 16:45:40
USR0254,2024-12-16 17:11:43
USR0140,2024-12-16 17:37:11
USR0067,2024-12-16 17:58:29
USR0088,2024-12-16 18:45:50
USR0174,2024-12-16 19:11:53
USR0182,2024-12-17 08:11:04
USR0068,2024-12-17 08:37:32
USR0016,2024-12-17 09:45:11
USR0195,2024-12-17 09:58:25
USR0102,2024-12-17 10:11:14
USR0216,2024-12-17 10:45:46
USR0188,2024-12-17 11:37:17
USR0115,2024-12-17 11:58:35
USR0201,2024-12-17 12:24:38
USR0136,2024-12-17 12:45:56
USR0035,2024-12-17 13:58:45
USR0056,2024-12-17 14:45:06
USR0235,2024-12-17 14:58:20
USR0142,2024-12-17 15:11:09
USR0256,2024-12-17 15:45:41
USR0041,2024-12-17 16:24:58
USR0155,2024-12-17 16:58:30
USR0062,2024-12-17 17:11:19
USR0176,2024-12-17 17:45:51
USR0075,2024-12-17 18:58:40
USR0161,2024-12-17 19:24:43
USR0096,2024-12-17 19:45:01
USR0104,2024-12-18 08:45:12
USR0190,2024-12-18 09:11:15
USR0003,2024-12-18 09:58:01
USR0024,2024-12-18 10:45:22
USR0203,2024-12-18 10:58:36
USR0110,2024-12-18 11:11:25
USR0224,2024-12-18 11:45:57
USR0009,2024-12-18 12:24:14
USR0123,2024-12-18 12:58:46
USR0144,2024-12-18 13:45:07
USR0230,2024-12-18 14:11:10
USR0116,2024-12-18 14:37:38
USR0043,2024-12-18 14:58:56
USR0129,2024-12-18 15:24:59
USR0064,2024-12-18 15:45:17
USR0243,2024-12-18 15:58:31
USR0236,2024-12-18 17:37:23
USR0163,2024-12-18 17:58:41
USR0070,2024-12-18 18:11:30
USR0249,2024-12-18 18:24:44
USR0184,2024-12-18 18:45:02
USR0164,2024-12-19 08:37:44
USR0091,2024-12-19 08:58:02
USR0177,2024-12-19 09:24:05
USR0112,2024-12-19 09:45:23
USR0198,2024-12-19 10:11:26
USR0011,2024-12-19 10:58:12
USR0032,2024-12-19 11:45:33
USR0118,2024-12-19 12:11:36
USR0232,2024-12-19 12:45:08
USR0131,2024-12-19 13:58:57
USR0038,2024-12-19 14:11:46
USR0152,2024-12-19 14:45:18
USR0238,2024-12-19 15:11:21
USR0051,2024-12-19 15:58:07
USR0137,2024-12-19 16:24:10
USR0072,2024-12-19 16:45:28
USR0251,2024-12-19 16:58:42
USR0044,2024-12-19 17:37:59
USR0057,2024-12-19 18:24:20
USR0171,2024-12-19 18:58:52
USR0078,2024-12-19 19:11:41
USR0192,2024-12-19 19:45:13
USR0200,2024-12-20 08:45:24
USR0099,2024-12-20 09:58:13
USR0006,2024-12-20 10:11:02
USR0185,2024-12-20 10:24:16
USR0120,2024-12-20 10:45:34
USR0206,2024-12-20 11:11:37
USR0105,2024-12-20 12:24:26
USR0040,2024-12-20 12:45:44
USR0219,2024-12-20 12:58:58
USR0126,2024-12-20 13:11:47
USR0240,2024-12-20 13:45:19
USR0139,2024-12-20 14:58:08
USR0046,2024-12-20 15:11:57
USR0225,2024-12-20 15:24:11
USR0160,2024-12-20 15:45:29
USR0246,2024-12-20 16:11:32
USR0059,2024-12-20 16:58:18
USR0080,2024-12-20 17:45:39
USR0166,2024-12-20 18:11:42
USR0065,2024-12-20 19:24:31
USR0179,2024-12-20 19:58:03
USR0188,2024-12-23 08:05:14
USR0074,2024-12-23 08:31:42
USR0001,2024-12-23 08:52:00
USR0201,2024-12-23 09:52:35
USR0108,2024-12-23 10:05:24
USR0181,2024-12-23 10:44:06
USR0015,2024-12-23 11:18:13
USR0194,2024-12-23 11:31:27
USR0121,2024-12-23 11:52:45
USR0028,2024-12-23 12:05:34
USR0228,2024-12-23 13:05:09
USR0041,2024-12-23 13:52:55
USR0135,2024-12-23 14:18:58
USR0241,2024-12-23 14:52:30
USR0034,2024-12-23 15:31:47
USR0055,2024-12-23 16:18:08
USR0161,2024-12-23 16:52:40
USR0068,2024-12-23 17:05:29
USR0255,2024-12-23 17:18:43
USR0175,2024-12-23 19:18:53
USR0061,2024-12-23 19:44:21
USR0183,2024-12-24 08:18:04
USR0196,2024-12-24 09:05:25
USR0009,2024-12-24 09:52:11
USR0103,2024-12-24 10:18:14
USR0116,2024-12-24 11:05:35
USR0002,2024-12-24 11:31:03
USR0202,2024-12-24 12:31:38
USR0129,2024-12-24 12:52:56
USR0036,2024-12-24 13:05:45
USR0109,2024-12-24 13:44:27
USR0236,2024-12-24 14:05:20
USR0122,2024-12-24 14:31:48
USR0049,2024-12-24 14:52:06
USR0143,2024-12-24 15:18:09
USR0249,2024-12-24 15:52:41
USR0156,2024-12-24 16:05:30
USR0229,2024-12-24 16:44:12
USR0063,2024-12-24 17:18:19
USR0242,2024-12-24 17:31:33
USR0169,2024-12-24 17:52:51
USR0076,2024-12-24 18:05:40
USR0089,2024-12-24 19:52:01
USR0170,2024-12-25 08:31:54
USR0097,2024-12-25 08:52:12
USR0004,2024-12-25 09:05:01
USR0191,2024-12-25 09:18:15
USR0204,2024-12-25 10:05:36
USR0111,2024-12-25 11:18:25
USR0217,2024-12-25 11:52:57
USR0124,2024-12-25 12:05:46
USR0010,2024-12-25 12:31:14
USR0137,2024-12-25 13:52:07
USR0044,2024-12-25 14:05:56
USR0231,2024-12-25 14:18:10
USR0244,2024-12-25 15:05:31
USR0130,2024-12-25 15:31:59
USR0057,2024-12-25 15:52:17
USR0037,2024-12-25 16:44:48
USR0164,2024-12-25 17:05:41
USR0050,2024-12-25 17:31:09
USR0071,2024-12-25 18:18:30
USR0250,2024-12-25 18:31:44
USR0177,2024-12-25 18:52:02
USR0092,2024-12-26 08:05:02
USR0178,2024-12-26 09:31:05
USR0105,2024-12-26 09:52:23
USR0012,2024-12-26 10:05:12
USR0199,2024-12-26 10:18:26
USR0098,2024-12-26 11:31:15
USR0025,2024-12-26 11:52:33
USR0119,2024-12-26 12:18:36
USR0225,2024-12-26 12:52:08
USR0132,2024-12-26 13:05:57
USR0205,2024-12-26 13:44:39
USR0039,2024-12-26 14:18:46
USR0052,2024-12-26 15:05:07
USR0239,2024-12-26 15:18:21
USR0252,2024-12-26 16:05:42
USR0065,2024-12-26 16:52:28
USR0172,2024-12-26 18:05:52
USR0058,2024-12-26 18:31:20
USR0079,2024-12-26 19:18:41
USR0185,2024-12-26 19:52:13
USR0193,2024-12-27 08:52:24
USR0100,2024-12-27 09:05:13
USR0007,2024-12-27 10:18:02
USR0113,2024-12-27 10:52:34
USR0207,2024-12-27 11:18:37
USR0220,2024-12-27 12:05:58
USR0106,2024-12-27 12:31:26
USR0033,2024-12-27 12:52:44
USR0127,2024-12-27 13:18:47
USR0013,2024-12-27 13:44:15
USR0233,2024-12-27 13:52:19
USR0140,2024-12-27 14:05:08
USR0047,2024-12-27 15:18:57
USR0226,2024-12-27 15:31:11
USR0153,2024-12-27 15:52:29
USR0060,2024-12-27 16:05:18
USR0247,2024-12-27 16:18:32
USR0133,2024-12-27 16:44:00
USR0073,2024-12-27 17:52:39
USR0167,2024-12-27 18:18:42
USR0180,2024-12-27 19:05:03
USR0253,2024-12-27 19:44:45
USR0189,2024-12-30 08:12:14
USR0075,2024-12-30 08:38:42
USR0002,2024-12-30 08:59:00
USR0202,2024-12-30 09:59:35
USR0109,2024-12-30 10:12:24
USR0016,2024-12-30 11:25:13
USR0195,2024-12-30 11:38:27
USR0122,2024-12-30 11:59:45
USR0029,2024-12-30 12:12:34
USR0102,2024-12-30 12:51:16
USR0229,2024-12-30 13:12:09
USR0115,2024-12-30 13:38:37
USR0042,2024-12-30 13:59:55
USR0136,2024-12-30 14:25:58
USR0242,2024-12-30 14:59:30
USR0056,2024-12-30 16:25:08
USR0235,2024-12-30 16:38:22
USR0162,2024-12-30 16:59:40
USR0069,2024-12-30 17:12:29
USR0256,2024-12-30 17:25:43
USR0176,2024-12-30 19:25:53
USR0184,2024-12-31 08:25:04
USR0197,2024-12-31 09:12:25
USR0010,2024-12-31 09:59:11
USR0104,2024-12-31 10:25:14
USR0117,2024-12-31 11:12:35
USR0003,2024-12-31 11:38:03
USR0130,2024-12-31 12:59:56
USR0037,2024-12-31 13:12:45
USR0237,2024-12-31 14:12:20
USR0123,2024-12-31 14:38:48
USR0050,2024-12-31 14:59:06
USR0144,2024-12-31 15:25:09
USR0250,2024-12-31 15:59:41
USR0157,2024-12-31 16:12:30
USR0043,2024-12-31 16:38:58
USR0064,2024-12-31 17:25:19
USR0243,2024-12-31 17:38:33
USR0170,2024-12-31 17:59:51
USR0077,2024-12-31 18:12:40
USR0163,2024-12-31 19:38:43
USR0090,2024-12-31 19:59:01
USR0171,2025-01-01 08:38:54
USR0098,2025-01-01 08:59:12
USR0005,2025-01-01 09:12:01
USR0192,2025-01-01 09:25:15
USR0078,2025-01-01 09:51:43
USR0205,2025-01-01 10:12:36
USR0112,2025-01-01 11:25:25
USR0218,2025-01-01 11:59:57
USR0125,2025-01-01 12:12:46
USR0198,2025-01-01 12:51:28
USR0138,2025-01-01 13:59:07
USR0045,2025-01-01 14:12:56
USR0232,2025-01-01 14:25:10
USR0245,2025-01-01 15:12:31
USR0058,2025-01-01 15:59:17
USR0165,2025-01-01 17:12:41
USR0051,2025-01-01 17:38:09
USR0072,2025-01-01 18:25:30
USR0178,2025-01-01 18:59:02
USR0093,2025-01-02 08:12:02
USR0106,2025-01-02 09:59:23
USR0013,2025-01-02 10:12:12
USR0200,2025-01-02 10:25:26
USR0099,2025-01-02 11:38:15
USR0026,2025-01-02 11:59:33
USR0120,2025-01-02 12:25:36
USR0006,2025-01-02 12:51:04
USR0226,2025-01-02 12:59:08
USR0133,2025-01-02 13:12:57
USR0040,2025-01-02 14:25:46
USR0053,2025-01-02 15:12:07
USR0240,2025-01-02 15:25:21
USR0126,2025-01-02 15:51:49
USR0253,2025-01-02 16:12:42
USR0139,2025-01-02 16:38:10
USR0066,2025-01-02 16:59:28
USR0173,2025-01-02 18:12:52
USR0246,2025-01-02 18:51:34
USR0080,2025-01-02 19:25:41
USR0186,2025-01-02 19:59:13
USR0194,2025-01-03 08:59:24
USR0101,2025-01-03 09:12:13
USR0174,2025-01-03 09:51:55
USR0008,2025-01-03 10:25:02
USR0187,2025-01-03 10:38:16
USR0114,2025-01-03 10:59:34
USR0208,2025-01-03 11:25:37
USR0221,2025-01-03 12:12:58
USR0034,2025-01-03 12:59:44
USR0128,2025-01-03 13:25:47
USR0234,2025-01-03 13:59:19
USR0141,2025-01-03 14:12:08
USR0048,2025-01-03 15:25:57
USR0154,2025-01-03 15:59:29
USR0061,2025-01-03 16:12:18
USR0248,2025-01-03 16:25:32
USR0074,2025-01-03 17:59:39
USR0168,2025-01-03 18:25:42
USR0054,2025-01-03 18:51:10
USR0181,2025-01-03 19:12:03
USR0067,2025-01-03 19:38:31
USR0003,2025-01-06 08:06:00
USR0190,2025-01-06 08:19:14
USR0203,2025-01-06 09:06:35
USR0110,2025-01-06 10:19:24
USR0123,2025-01-06 11:06:45
USR0009,2025-01-06 11:32:13
USR0030,2025-01-06 12:19:34
USR0043,2025-01-06 13:06:55
USR0230,2025-01-06 13:19:09
USR0116,2025-01-06 13:45:37
USR0243,2025-01-06 14:06:30
USR0129,2025-01-06 14:32:58
USR0036,2025-01-06 15:45:47
USR0163,2025-01-06 16:06:40
USR0049,2025-01-06 16:32:08
USR0236,2025-01-06 16:45:22
USR0070,2025-01-06 17:19:29
USR0249,2025-01-06 17:32:43
USR0143,2025-01-06 17:58:11
USR0083,2025-01-06 18:06:50
USR0169,2025-01-06 19:32:53
USR0177,2025-01-07 08:32:04
USR0071,2025-01-07 08:58:32
USR0011,2025-01-07 09:06:11
USR0198,2025-01-07 09:19:25
USR0211,2025-01-07 10:06:46
USR0097,2025-01-07 10:32:14
USR0118,2025-01-07 11:19:35
USR0191,2025-01-07 11:58:17
USR0131,2025-01-07 12:06:56
USR0204,2025-01-07 12:45:38
USR0038,2025-01-07 13:19:45
USR0051,2025-01-07 14:06:06
USR0238,2025-01-07 14:19:20
USR0251,2025-01-07 15:06:41
USR0137,2025-01-07 15:32:09
USR0158,2025-01-07 16:19:30
USR0044,2025-01-07 16:45:58
USR0171,2025-01-07 17:06:51
USR0057,2025-01-07 17:32:19
USR0078,2025-01-07 18:19:40
USR0091,2025-01-07 19:06:01
USR0164,2025-01-07 19:45:43
USR0099,2025-01-08 08:06:12
USR0006,2025-01-08 09:19:01
USR0185,2025-01-08 09:32:15
USR0019,2025-01-08 10:06:22
USR0206,2025-01-08 10:19:36
USR0219,2025-01-08 11:06:57
USR0105,2025-01-08 11:32:25
USR0126,2025-01-08 12:19:46
USR0012,2025-01-08 12:45:14
USR0139,2025-01-08 13:06:07
USR0046,2025-01-08 14:19:56
USR0225,2025-01-08 14:32:10
USR0119,2025-01-08 14:58:38
USR0059,2025-01-08 15:06:17
USR0246,2025-01-08 15:19:31
USR0132,2025-01-08 15:45:59
USR0166,2025-01-08 17:19:41
USR0239,2025-01-08 17:58:23
USR0179,2025-01-08 18:06:02
USR0065,2025-01-08 18:32:30
USR0252,2025-01-08 18:45:44
USR0094,2025-01-09 08:19:02
USR0167,2025-01-09 08:58:44
USR0107,2025-01-09 09:06:23
USR0180,2025-01-09 09:45:05
USR0014,2025-01-09 10:19:12
USR0193,2025-01-09 10:32:26
USR0027,2025-01-09 11:06:33
USR0227,2025-01-09 12:06:08
USR0113,2025-01-09 12:32:36
USR0134,2025-01-09 13:19:57
USR0147,2025-01-09 14:06:18
USR0033,2025-01-09 14:32:46
USR0054,2025-01-09 15:19:07
USR0233,2025-01-09 15:32:21
USR0067,2025-01-09 16:06:28
USR0254,2025-01-09 16:19:42
USR0140,2025-01-09 16:45:10
USR0047,2025-01-09 17:58:59
USR0174,2025-01-09 18:19:52
USR0060,2025-01-09 18:45:20
USR0187,2025-01-09 19:06:13
USR0073,2025-01-09 19:32:41
USR0195,2025-01-10 08:06:24
USR0102,2025-01-10 09:19:13
USR0115,2025-01-10 10:06:34
USR0001,2025-01-10 10:32:02
USR0188,2025-01-10 10:45:16
USR0201,2025-01-10 11:32:37
USR0035,2025-01-10 12:06:44
USR0222,2025-01-10 12:19:58
USR0108,2025-01-10 12:45:26
USR0235,2025-01-10 13:06:19
USR0121,2025-01-10 13:32:47
USR0142,2025-01-10 14:19:08
USR0155,2025-01-10 15:06:29
USR0041,2025-01-10 15:32:57
USR0228,2025-01-10 15:45:11
USR0062,2025-01-10 16:19:18
USR0241,2025-01-10 16:32:32
USR0075,2025-01-10 17:06:39
USR0161,2025-01-10 18:32:42
USR0182,2025-01-10 19:19:03
USR0068,2025-01-10 19:45:31
USR0004,2025-01-13 08:13:00
USR0191,2025-01-13 08:26:14
USR0077,2025-01-13 08:52:42
USR0204,2025-01-13 09:13:35
USR0184,2025-01-13 10:05:06
USR0111,2025-01-13 10:26:24
USR0124,2025-01-13 11:13:45
USR0010,2025-01-13 11:39:13
USR0197,2025-01-13 11:52:27
USR0031,2025-01-13 12:26:34
USR0044,2025-01-13 13:13:55
USR0231,2025-01-13 13:26:09
USR0244,2025-01-13 14:13:30
USR0130,2025-01-13 14:39:58
USR0037,2025-01-13 15:52:47
USR0164,2025-01-13 16:13:40
USR0050,2025-01-13 16:39:08
USR0071,2025-01-13 17:26:29
USR0250,2025-01-13 17:39:43
USR0064,2025-01-13 19:05:21
USR0170,2025-01-13 19:39:53
USR0178,2025-01-14 08:39:04
USR0012,2025-01-14 09:13:11
USR0199,2025-01-14 09:26:25
USR0098,2025-01-14 10:39:14
USR0119,2025-01-14 11:26:35
USR0005,2025-01-14 11:52:03
USR0132,2025-01-14 12:13:56
USR0205,2025-01-14 12:52:38
USR0112,2025-01-14 13:05:27
USR0039,2025-01-14 13:26:45
USR0052,2025-01-14 14:13:06
USR0239,2025-01-14 14:26:20
USR0125,2025-01-14 14:52:48
USR0252,2025-01-14 15:13:41
USR0138,2025-01-14 15:39:09
USR0232,2025-01-14 16:05:12
USR0159,2025-01-14 16:26:30
USR0172,2025-01-14 17:13:51
USR0058,2025-01-14 17:39:19
USR0245,2025-01-14 17:52:33
USR0079,2025-01-14 18:26:40
USR0092,2025-01-14 19:13:01
USR0100,2025-01-15 08:13:12
USR0173,2025-01-15 08:52:54
USR0007,2025-01-15 09:26:01
USR0186,2025-01-15 09:39:15
USR0207,2025-01-15 10:26:36
USR0220,2025-01-15 11:13:57
USR0106,2025-01-15 11:39:25
USR0127,2025-01-15 12:26:46
USR0013,2025-01-15 12:52:14
USR0140,2025-01-15 13:13:07
USR0047,2025-01-15 14:26:56
USR0226,2025-01-15 14:39:10
USR0060,2025-01-15 15:13:17
USR0247,2025-01-15 15:26:31
USR0133,2025-01-15 15:52:59
USR0040,2025-01-15 16:05:48
USR0167,2025-01-15 17:26:41
USR0053,2025-01-15 17:52:09
USR0180,2025-01-15 18:13:02
USR0066,2025-01-15 18:39:30
USR0253,2025-01-15 18:52:44
USR0095,2025-01-16 08:26:02
USR0108,2025-01-16 09:13:23
USR0181,2025-01-16 09:52:05
USR0015,2025-01-16 10:26:12
USR0194,2025-01-16 10:39:26
USR0028,2025-01-16 11:13:33
USR0101,2025-01-16 11:52:15
USR0228,2025-01-16 12:13:08
USR0114,2025-01-16 12:39:36
USR0208,2025-01-16 13:05:39
USR0135,2025-01-16 13:26:57
USR0034,2025-01-16 14:39:46
USR0055,2025-01-16 15:26:07
USR0234,2025-01-16 15:39:21
USR0068,2025-01-16 16:13:28
USR0255,2025-01-16 16:26:42
USR0175,2025-01-16 18:26:52
USR0061,2025-01-16 18:52:20
USR0188,2025-01-16 19:13:13
USR0074,2025-01-16 19:39:41
USR0196,2025-01-17 08:13:24
USR0103,2025-01-17 09:26:13
USR0116,2025-01-17 10:13:34
USR0002,2025-01-17 10:39:02
USR0202,2025-01-17 11:39:37
USR0036,2025-01-17 12:13:44
USR0223,2025-01-17 12:26:58
USR0109,2025-01-17 12:52:26
USR0016,2025-01-17 13:05:15
USR0236,2025-01-17 13:13:19
USR0122,2025-01-17 13:39:47
USR0143,2025-01-17 14:26:08
USR0156,2025-01-17 15:13:29
USR0042,2025-01-17 15:39:57
USR0229,2025-01-17 15:52:11
USR0136,2025-01-17 16:05:00
USR0063,2025-01-17 16:26:18
USR0242,2025-01-17 16:39:32
USR0076,2025-01-17 17:13:39
USR0162,2025-01-17 18:39:42
USR0256,2025-01-17 19:05:45
USR0183,2025-01-17 19:26:03
USR0194,2025-02-17 08:00:24
USR0101,2025-02-17 09:13:13
USR0114,2025-02-17 10:00:34
USR0008,2025-02-17 10:26:02
USR0208,2025-02-17 11:26:37
USR0034,2025-02-17 12:00:44
USR0221,2025-02-17 12:13:58
USR0107,2025-02-17 12:39:26
USR0234,2025-02-17 13:00:19
USR0128,2025-02-17 13:26:47
USR0014,2025-02-17 13:52:15
USR0141,2025-02-17 14:13:08
USR0154,2025-02-17 15:00:29
USR0048,2025-02-17 15:26:57
USR0227,2025-02-17 15:39:11
USR0061,2025-02-17 16:13:18
USR0248,2025-02-17 16:26:32
USR0134,2025-02-17 16:52:00
USR0074,2025-02-17 17:00:39
USR0168,2025-02-17 18:26:42
USR0181,2025-02-17 19:13:03
USR0254,2025-02-17 19:52:45
USR0002,2025-02-18 08:00:00
USR0189,2025-02-18 08:13:14
USR0075,2025-02-18 08:39:42
USR0202,2025-02-18 09:00:35
USR0109,2025-02-18 10:13:24
USR0182,2025-02-18 10:52:06
USR0122,2025-02-18 11:00:45
USR0016,2025-02-18 11:26:13
USR0195,2025-02-18 11:39:27
USR0029,2025-02-18 12:13:34
USR0042,2025-02-18 13:00:55
USR0229,2025-02-18 13:13:09
USR0242,2025-02-18 14:00:30
USR0136,2025-02-18 14:26:58
USR0035,2025-02-18 15:39:47
USR0162,2025-02-18 16:00:40
USR0056,2025-02-18 16:26:08
USR0069,2025-02-18 17:13:29
USR0256,2025-02-18 17:26:43
USR0082,2025-02-18 18:00:50
USR0176,2025-02-18 19:26:53
USR0062,2025-02-18 19:52:21
USR0184,2025-02-19 08:26:04
USR0010,2025-02-19 09:00:11
USR0197,2025-02-19 09:13:25
USR0210,2025-02-19 10:00:46
USR0104,2025-02-19 10:26:14
USR0117,2025-02-19 11:13:35
USR0003,2025-02-19 11:39:03
USR0130,2025-02-19 12:00:56
USR0203,2025-02-19 12:39:38
USR0037,2025-02-19 13:13:45
USR0110,2025-02-19 13:52:27
USR0050,2025-02-19 14:00:06
USR0237,2025-02-19 14:13:20
USR0123,2025-02-19 14:39:48
USR0250,2025-02-19 15:00:41
USR0144,2025-02-19 15:26:09
USR0157,2025-02-19 16:13:30
USR0230,2025-02-19 16:52:12
USR0170,2025-02-19 17:00:51
USR0064,2025-02-19 17:26:19
USR0243,2025-02-19 17:39:33
USR0077,2025-02-19 18:13:40
USR0090,2025-02-19 19:00:01
USR0098,2025-02-20 08:00:12
USR0171,2025-02-20 08:39:54
USR0005,2025-02-20 09:13:01
USR0192,2025-02-20 09:26:15
USR0018,2025-02-20 10:00:22
USR0205,2025-02-20 10:13:36
USR0218,2025-02-20 11:00:57
USR0112,2025-02-20 11:26:25
USR0125,2025-02-20 12:13:46
USR0011,2025-02-20 12:39:14
USR0138,2025-02-20 13:00:07
USR0045,2025-02-20 14:13:56
USR0232,2025-02-20 14:26:10
USR0058,2025-02-20 15:00:17
USR0245,2025-02-20 15:13:31
USR0131,2025-02-20 15:39:59
USR0038,2025-02-20 16:52:48
USR0165,2025-02-20 17:13:41
USR0051,2025-02-20 17:39:09
USR0178,2025-02-20 18:00:02
USR0072,2025-02-20 18:26:30
USR0251,2025-02-20 18:39:44
USR0093,2025-02-21 08:13:02
USR0106,2025-02-21 09:00:23
USR0179,2025-02-21 09:39:05
USR0013,2025-02-21 10:13:12
USR0200,2025-02-21 10:26:26
USR0026,2025-02-21 11:00:33
USR0099,2025-02-21 11:39:15
USR0226,2025-02-21 12:00:08
USR0120,2025-02-21 12:26:36
USR0133,2025-02-21 13:13:57
USR0206,2025-02-21 13:52:39
USR0146,2025-02-21 14:00:18
USR0040,2025-02-21 14:26:46
USR0053,2025-02-21 15:13:07
USR0240,2025-02-21 15:26:21
USR0066,2025-02-21 16:00:28
USR0253,2025-02-21 16:13:42
USR0173,2025-02-21 18:13:52
USR0059,2025-02-21 18:39:20
USR0186,2025-02-21 19:00:13
USR0080,2025-02-21 19:26:41
USR0195,2025-02-24 08:07:24
USR0102,2025-02-24 09:20:13
USR0175,2025-02-24 09:59:55
USR0115,2025-02-24 10:07:34
USR0001,2025-02-24 10:33:02
USR0188,2025-02-24 10:46:16
USR0201,2025-02-24 11:33:37
USR0035,2025-02-24 12:07:44
USR0222,2025-02-24 12:20:58
USR0235,2025-02-24 13:07:19
USR0121,2025-02-24 13:33:47
USR0142,2025-02-24 14:20:08
USR0155,2025-02-24 15:07:29
USR0041,2025-02-24 15:33:57
USR0062,2025-02-24 16:20:18
USR0241,2025-02-24 16:33:32
USR0075,2025-02-24 17:07:39
USR0161,2025-02-24 18:33:42
USR0055,2025-02-24 18:59:10
USR0182,2025-02-24 19:20:03
USR0068,2025-02-24 19:46:31
USR0003,2025-02-25 08:07:00
USR0190,2025-02-25 08:20:14
USR0076,2025-02-25 08:46:42
USR0203,2025-02-25 09:07:35
USR0110,2025-02-25 10:20:24
USR0123,2025-02-25 11:07:45
USR0009,2025-02-25 11:33:13
USR0196,2025-02-25 11:46:27
USR0030,2025-02-25 12:20:34
USR0103,2025-02-25 12:59:16
USR0043,2025-02-25 13:07:55
USR0230,2025-02-25 13:20:09
USR0116,2025-02-25 13:46:37
USR0243,2025-02-25 14:07:30
USR0129,2025-02-25 14:33:58
USR0163,2025-02-25 16:07:40
USR0049,2025-02-25 16:33:08
USR0236,2025-02-25 16:46:22
USR0070,2025-02-25 17:20:29
USR0249,2025-02-25 17:33:43
USR0169,2025-02-25 19:33:53
USR0177,2025-02-26 08:33:04
USR0011,2025-02-26 09:07:11
USR0198,2025-02-26 09:20:25
USR0097,2025-02-26 10:33:14
USR0118,2025-02-26 11:20:35
USR0004,2025-02-26 11:46:03
USR0131,2025-02-26 12:07:56
USR0038,2025-02-26 13:20:45
USR0051,2025-02-26 14:07:06
USR0238,2025-02-26 14:20:20
USR0124,2025-02-26 14:46:48
USR0251,2025-02-26 15:07:41
USR0137,2025-02-26 15:33:09
USR0158,2025-02-26 16:20:30
USR0044,2025-02-26 16:46:58
USR0171,2025-02-26 17:07:51
USR0057,2025-02-26 17:33:19
USR0244,2025-02-26 17:46:33
USR0078,2025-02-26 18:20:40
USR0091,2025-02-26 19:07:01
USR0164,2025-02-26 19:46:43
USR0099,2025-02-27 08:07:12
USR0172,2025-02-27 08:46:54
USR0006,2025-02-27 09:20:01
USR0185,2025-02-27 09:33:15
USR0079,2025-02-27 09:59:43
USR0206,2025-02-27 10:20:36
USR0219,2025-02-27 11:07:57
USR0105,2025-02-27 11:33:25
USR0126,2025-02-27 12:20:46
USR0199,2025-02-27 12:59:28
USR0139,2025-02-27 13:07:07
USR0046,2025-02-27 14:20:56
USR0225,2025-02-27 14:33:10
USR0059,2025-02-27 15:07:17
USR0246,2025-02-27 15:20:31
USR0166,2025-02-27 17:20:41
USR0052,2025-02-27 17:46:09
USR0179,2025-02-27 18:07:02
USR0065,2025-02-27 18:33:30
USR0094,2025-02-28 08:20:02
USR0107,2025-02-28 09:07:23
USR0014,2025-02-28 10:20:12
USR0193,2025-02-28 10:33:26
USR0027,2025-02-28 11:07:33
USR0100,2025-02-28 11:46:15
USR0227,2025-02-28 12:07:08
USR0113,2025-02-28 12:33:36
USR0007,2025-02-28 12:59:04
USR0134,2025-02-28 13:20:57
USR0033,2025-02-28 14:33:46
USR0054,2025-02-28 15:20:07
USR0233,2025-02-28 15:33:21
USR0127,2025-02-28 15:59:49
USR0067,2025-02-28 16:07:28
USR0254,2025-02-28 16:20:42
USR0140,2025-02-28 16:46:10
USR0174,2025-02-28 18:20:52
USR0247,2025-02-28 18:59:34
USR0187,2025-02-28 19:07:13
USR0073,2025-02-28 19:33:41
USR0196,2025-03-03 08:14:24
USR0103,2025-03-03 09:27:13
USR0116,2025-03-03 10:14:34
USR0002,2025-03-03 10:40:02
USR0189,2025-03-03 10:53:16
USR0202,2025-03-03 11:40:37
USR0036,2025-03-03 12:14:44
USR0223,2025-03-03 12:27:58
USR0109,2025-03-03 12:53:26
USR0236,2025-03-03 13:14:19
USR0122,2025-03-03 13:40:47
USR0143,2025-03-03 14:27:08
USR0156,2025-03-03 15:14:29
USR0042,2025-03-03 15:40:57
USR0229,2025-03-03 15:53:11
USR0063,2025-03-03 16:27:18
USR0242,2025-03-03 16:40:32
USR0076,2025-03-03 17:14:39
USR0162,2025-03-03 18:40:42
USR0183,2025-03-03 19:27:03
USR0069,2025-03-03 19:53:31
USR0004,2025-03-04 08:14:00
USR0191,2025-03-04 08:27:14
USR0204,2025-03-04 09:14:35
USR0111,2025-03-04 10:27:24
USR0124,2025-03-04 11:14:45
USR0010,2025-03-04 11:40:13
USR0031,2025-03-04 12:27:34
USR0044,2025-03-04 13:14:55
USR0231,2025-03-04 13:27:09
USR0117,2025-03-04 13:53:37
USR0244,2025-03-04 14:14:30
USR0130,2025-03-04 14:40:58
USR0037,2025-03-04 15:53:47
USR0164,2025-03-04 16:14:40
USR0050,2025-03-04 16:40:08
USR0237,2025-03-04 16:53:22
USR0144,2025-03-04 17:06:11
USR0071,2025-03-04 17:27:29
USR0250,2025-03-04 17:40:43
USR0170,2025-03-04 19:40:53
USR0072,2025-03-05 08:06:32
USR0178,2025-03-05 08:40:04
USR0012,2025-03-05 09:14:11
USR0199,2025-03-05 09:27:25
USR0098,2025-03-05 10:40:14
USR0192,2025-03-05 11:06:17
USR0119,2025-03-05 11:27:35
USR0132,2025-03-05 12:14:56
USR0205,2025-03-05 12:53:38
USR0039,2025-03-05 13:27:45
USR0052,2025-03-05 14:14:06
USR0239,2025-03-05 14:27:20
USR0252,2025-03-05 15:14:41
USR0138,2025-03-05 15:40:09
USR0159,2025-03-05 16:27:30
USR0045,2025-03-05 16:53:58
USR0172,2025-03-05 17:14:51
USR0058,2025-03-05 17:40:19
USR0079,2025-03-05 18:27:40
USR0092,2025-03-05 19:14:01
USR0165,2025-03-05 19:53:43
USR0100,2025-03-06 08:14:12
USR0007,2025-03-06 09:27:01
USR0186,2025-03-06 09:40:15
USR0207,2025-03-06 10:27:36
USR0220,2025-03-06 11:14:57
USR0106,2025-03-06 11:40:25
USR0127,2025-03-06 12:27:46
USR0013,2025-03-06 12:53:14
USR0140,2025-03-06 13:14:07
USR0120,2025-03-06 14:06:38
USR0047,2025-03-06 14:27:56
USR0226,2025-03-06 14:40:10
USR0060,2025-03-06 15:14:17
USR0247,2025-03-06 15:27:31
USR0133,2025-03-06 15:53:59
USR0240,2025-03-06 17:06:23
USR0167,2025-03-06 17:27:41
USR0180,2025-03-06 18:14:02
USR0066,2025-03-06 18:40:30
USR0253,2025-03-06 18:53:44
USR0168,2025-03-07 08:06:44
USR0095,2025-03-07 08:27:02
USR0108,2025-03-07 09:14:23
USR0181,2025-03-07 09:53:05
USR0015,2025-03-07 10:27:12
USR0194,2025-03-07 10:40:26
USR0028,2025-03-07 11:14:33
USR0228,2025-03-07 12:14:08
USR0114,2025-03-07 12:40:36
USR0135,2025-03-07 13:27:57
USR0034,2025-03-07 14:40:46
USR0055,2025-03-07 15:27:07
USR0234,2025-03-07 15:40:21
USR0068,2025-03-07 16:14:28
USR0255,2025-03-07 16:27:42
USR0141,2025-03-07 16:53:10
USR0048,2025-03-07 17:06:59
USR0175,2025-03-07 18:27:52
USR0061,2025-03-07 18:53:20
USR0188,2025-03-07 19:14:13
USR0074,2025-03-07 19:40:41
USR0197,2025-03-10 08:21:24
USR0104,2025-03-10 09:34:13
USR0117,2025-03-10 10:21:34
USR0003,2025-03-10 10:47:02
USR0203,2025-03-10 11:47:37
USR0110,2025-03-10 12:00:26
USR0037,2025-03-10 12:21:44
USR0224,2025-03-10 12:34:58
USR0009,2025-03-10 13:13:15
USR0237,2025-03-10 13:21:19
USR0123,2025-03-10 13:47:47
USR0144,2025-03-10 14:34:08
USR0230,2025-03-10 15:00:11
USR0157,2025-03-10 15:21:29
USR0043,2025-03-10 15:47:57
USR0129,2025-03-10 16:13:00
USR0064,2025-03-10 16:34:18
USR0243,2025-03-10 16:47:32
USR0077,2025-03-10 17:21:39
USR0163,2025-03-10 18:47:42
USR0249,2025-03-10 19:13:45
USR0184,2025-03-10 19:34:03
USR0078,2025-03-11 08:00:42
USR0005,2025-03-11 08:21:00
USR0192,2025-03-11 08:34:14
USR0205,2025-03-11 09:21:35
USR0177,2025-03-11 10:13:06
USR0112,2025-03-11 10:34:24
USR0198,2025-03-11 11:00:27
USR0125,2025-03-11 11:21:45
USR0011,2025-03-11 11:47:13
USR0032,2025-03-11 12:34:34
USR0045,2025-03-11 13:21:55
USR0232,2025-03-11 13:34:09
USR0245,2025-03-11 14:21:30
USR0131,2025-03-11 14:47:58
USR0038,2025-03-11 15:00:47
USR0165,2025-03-11 16:21:40
USR0051,2025-03-11 16:47:08
USR0072,2025-03-11 17:34:29
USR0251,2025-03-11 17:47:43
USR0085,2025-03-11 18:21:50
USR0057,2025-03-11 19:13:21
USR0171,2025-03-11 19:47:53
USR0179,2025-03-12 08:47:04
USR0013,2025-03-12 09:21:11
USR0200,2025-03-12 09:34:25
USR0213,2025-03-12 10:21:46
USR0099,2025-03-12 10:47:14
USR0006,2025-03-12 11:00:03
USR0120,2025-03-12 11:34:35
USR0206,2025-03-12 12:00:38
USR0133,2025-03-12 12:21:56
USR0105,2025-03-12 13:13:27
USR0040,2025-03-12 13:34:45
USR0126,2025-03-12 14:00:48
USR0053,2025-03-12 14:21:06
USR0240,2025-03-12 14:34:20
USR0253,2025-03-12 15:21:41
USR0139,2025-03-12 15:47:09
USR0225,2025-03-12 16:13:12
USR0160,2025-03-12 16:34:30
USR0246,2025-03-12 17:00:33
USR0173,2025-03-12 17:21:51
USR0059,2025-03-12 17:47:19
USR0080,2025-03-12 18:34:40
USR0093,2025-03-12 19:21:01
USR0174,2025-03-13 08:00:54
USR0101,2025-03-13 08:21:12
USR0008,2025-03-13 09:34:01
USR0187,2025-03-13 09:47:15
USR0021,2025-03-13 10:21:22
USR0208,2025-03-13 10:34:36
USR0221,2025-03-13 11:21:57
USR0107,2025-03-13 11:47:25
USR0014,2025-03-13 12:00:14
USR0128,2025-03-13 12:34:46
USR0141,2025-03-13 13:21:07
USR0048,2025-03-13 14:34:56
USR0227,2025-03-13 14:47:10
USR0134,2025-03-13 15:00:59
USR0061,2025-03-13 15:21:17
USR0248,2025-03-13 15:34:31
USR0033,2025-03-13 16:13:48
USR0054,2025-03-13 17:00:09
USR0168,2025-03-13 17:34:41
USR0254,2025-03-13 18:00:44
USR0181,2025-03-13 18:21:02
USR0067,2025-03-13 18:47:30
USR0096,2025-03-14 08:34:02
USR0182,2025-03-14 09:00:05
USR0109,2025-03-14 09:21:23
USR0016,2025-03-14 10:34:12
USR0195,2025-03-14 10:47:26
USR0102,2025-03-14 11:00:15
USR0029,2025-03-14 11:21:33
USR0229,2025-03-14 12:21:08
USR0115,2025-03-14 12:47:36
USR0201,2025-03-14 13:13:39
USR0136,2025-03-14 13:34:57
USR0149,2025-03-14 14:21:18
USR0035,2025-03-14 14:47:46
USR0056,2025-03-14 15:34:07
USR0235,2025-03-14 15:47:21
USR0069,2025-03-14 16:21:28
USR0256,2025-03-14 16:34:42
USR0062,2025-03-14 18:00:20
USR0176,2025-03-14 18:34:52
USR0189,2025-03-14 19:21:13
USR0075,2025-03-14 19:47:41
USR0198,2025-03-17 08:28:24
USR0170,2025-03-17 09:20:55
USR0097,2025-03-17 09:41:13
USR0191,2025-03-17 10:07:16
USR0118,2025-03-17 10:28:34
USR0004,2025-03-17 10:54:02
USR0204,2025-03-17 11:54:37
USR0038,2025-03-17 12:28:44
USR0217,2025-03-17 12:41:58
USR0238,2025-03-17 13:28:19
USR0124,2025-03-17 13:54:47
USR0137,2025-03-17 14:41:08
USR0158,2025-03-17 15:28:29
USR0044,2025-03-17 15:54:57
USR0057,2025-03-17 16:41:18
USR0244,2025-03-17 16:54:32
USR0078,2025-03-17 17:28:39
USR0050,2025-03-17 18:20:10
USR0164,2025-03-17 18:54:42
USR0071,2025-03-17 19:07:31
USR0177,2025-03-17 19:41:03
USR0079,2025-03-18 08:07:42
USR0006,2025-03-18 08:28:00
USR0185,2025-03-18 08:41:14
USR0206,2025-03-18 09:28:35
USR0105,2025-03-18 10:41:24
USR0199,2025-03-18 11:07:27
USR0126,2025-03-18 11:28:45
USR0012,2025-03-18 11:54:13
USR0098,2025-03-18 12:20:16
USR0025,2025-03-18 12:41:34
USR0119,2025-03-18 13:07:37
USR0046,2025-03-18 13:28:55
USR0225,2025-03-18 13:41:09
USR0246,2025-03-18 14:28:30
USR0132,2025-03-18 14:54:58
USR0239,2025-03-18 16:07:22
USR0166,2025-03-18 16:28:40
USR0052,2025-03-18 16:54:08
USR0065,2025-03-18 17:41:29
USR0252,2025-03-18 17:54:43
USR0172,2025-03-18 19:54:53
USR0180,2025-03-19 08:54:04
USR0014,2025-03-19 09:28:11
USR0193,2025-03-19 09:41:25
USR0100,2025-03-19 10:54:14
USR0007,2025-03-19 11:07:03
USR0113,2025-03-19 11:41:35
USR0134,2025-03-19 12:28:56
USR0033,2025-03-19 13:41:45
USR0127,2025-03-19 14:07:48
USR0054,2025-03-19 14:28:06
USR0233,2025-03-19 14:41:20
USR0254,2025-03-19 15:28:41
USR0140,2025-03-19 15:54:09
USR0047,2025-03-19 16:07:58
USR0153,2025-03-19 16:41:30
USR0247,2025-03-19 17:07:33
USR0174,2025-03-19 17:28:51
USR0060,2025-03-19 17:54:19
USR0073,2025-03-19 18:41:40
USR0167,2025-03-19 19:07:43
USR0094,2025-03-19 19:28:01
USR0175,2025-03-20 08:07:54
USR0102,2025-03-20 08:28:12
USR0074,2025-03-20 09:20:43
USR0001,2025-03-20 09:41:01
USR0188,2025-03-20 09:54:15
USR0201,2025-03-20 10:41:36
USR0222,2025-03-20 11:28:57
USR0108,2025-03-20 11:54:25
USR0194,2025-03-20 12:20:28
USR0121,2025-03-20 12:41:46
USR0142,2025-03-20 13:28:07
USR0041,2025-03-20 14:41:56
USR0228,2025-03-20 14:54:10
USR0062,2025-03-20 15:28:17
USR0241,2025-03-20 15:41:31
USR0055,2025-03-20 17:07:09
USR0161,2025-03-20 17:41:41
USR0182,2025-03-20 18:28:02
USR0068,2025-03-20 18:54:30
USR0089,2025-03-21 08:41:02
USR0110,2025-03-21 09:28:23
USR0009,2025-03-21 10:41:12
USR0196,2025-03-21 10:54:26
USR0103,2025-03-21 11:07:15
USR0030,2025-03-21 11:28:33
USR0002,2025-03-21 12:20:04
USR0230,2025-03-21 12:28:08
USR0116,2025-03-21 12:54:36
USR0129,2025-03-21 13:41:57
USR0036,2025-03-21 14:54:46
USR0122,2025-03-21 15:20:49
USR0049,2025-03-21 15:41:07
USR0236,2025-03-21 15:54:21
USR0143,2025-03-21 16:07:10
USR0070,2025-03-21 16:28:28
USR0249,2025-03-21 16:41:42
USR0242,2025-03-21 18:20:34
USR0169,2025-03-21 18:41:52
USR0190,2025-03-21 19:28:13
USR0076,2025-03-21 19:54:41
USR0199,2025-03-24 08:35:24
USR0098,2025-03-24 09:48:13
USR0005,2025-03-24 10:01:02
USR0192,2025-03-24 10:14:16
USR0119,2025-03-24 10:35:34
USR0205,2025-03-24 11:01:37
USR0112,2025-03-24 12:14:26
USR0039,2025-03-24 12:35:44
USR0218,2025-03-24 12:48:58
USR0125,2025-03-24 13:01:47
USR0239,2025-03-24 13:35:19
USR0138,2025-03-24 14:48:08
USR0045,2025-03-24 15:01:57
USR0232,2025-03-24 15:14:11
USR0159,2025-03-24 15:35:29
USR0245,2025-03-24 16:01:32
USR0058,2025-03-24 16:48:18
USR0079,2025-03-24 17:35:39
USR0165,2025-03-24 18:01:42
USR0072,2025-03-24 19:14:31
USR0178,2025-03-24 19:48:03
USR0007,2025-03-25 08:35:00
USR0186,2025-03-25 08:48:14
USR0207,2025-03-25 09:35:35
USR0106,2025-03-25 10:48:24
USR0013,2025-03-25 11:01:13
USR0127,2025-03-25 11:35:45
USR0026,2025-03-25 12:48:34
USR0120,2025-03-25 13:14:37
USR0047,2025-03-25 13:35:55
USR0226,2025-03-25 13:48:09
USR0133,2025-03-25 14:01:58
USR0247,2025-03-25 14:35:30
USR0040,2025-03-25 15:14:47
USR0053,2025-03-25 16:01:08
USR0240,2025-03-25 16:14:22
USR0167,2025-03-25 16:35:40
USR0253,2025-03-25 17:01:43
USR0139,2025-03-25 17:27:11
USR0066,2025-03-25 17:48:29
USR0173,2025-03-25 19:01:53
USR0181,2025-03-26 08:01:04
USR0067,2025-03-26 08:27:32
USR0015,2025-03-26 09:35:11
USR0194,2025-03-26 09:48:25
USR0101,2025-03-26 10:01:14
USR0187,2025-03-26 11:27:17
USR0114,2025-03-26 11:48:35
USR0208,2025-03-26 12:14:38
USR0135,2025-03-26 12:35:56
USR0034,2025-03-26 13:48:45
USR0055,2025-03-26 14:35:06
USR0234,2025-03-26 14:48:20
USR0141,2025-03-26 15:01:09
USR0255,2025-03-26 15:35:41
USR0048,2025-03-26 16:14:58
USR0154,2025-03-26 16:48:30
USR0061,2025-03-26 17:01:19
USR0175,2025-03-26 17:35:51
USR0074,2025-03-26 18:48:40
USR0168,2025-03-26 19:14:43
USR0095,2025-03-26 19:35:01
USR0103,2025-03-27 08:35:12
USR0189,2025-03-27 09:01:15
USR0002,2025-03-27 09:48:01
USR0202,2025-03-27 10:48:36
USR0109,2025-03-27 11:01:25
USR0223,2025-03-27 11:35:57
USR0016,2025-03-27 12:14:14
USR0122,2025-03-27 12:48:46
USR0143,2025-03-27 13:35:07
USR0229,2025-03-27 14:01:10
USR0115,2025-03-27 14:27:38
USR0042,2025-03-27 14:48:56
USR0136,2025-03-27 15:14:59
USR0063,2025-03-27 15:35:17
USR0242,2025-03-27 15:48:31
USR0235,2025-03-27 17:27:23
USR0162,2025-03-27 17:48:41
USR0069,2025-03-27 18:01:30
USR0256,2025-03-27 18:14:44
USR0183,2025-03-27 18:35:02
USR0163,2025-03-28 08:27:44
USR0090,2025-03-28 08:48:02
USR0184,2025-03-28 09:14:05
USR0111,2025-03-28 09:35:23
USR0197,2025-03-28 10:01:26
USR0010,2025-03-28 10:48:12
USR0031,2025-03-28 11:35:33
USR0117,2025-03-28 12:01:36
USR0231,2025-03-28 12:35:08
USR0130,2025-03-28 13:48:57
USR0037,2025-03-28 14:01:46
USR0237,2025-03-28 15:01:21
USR0050,2025-03-28 15:48:07
USR0144,2025-03-28 16:14:10
USR0071,2025-03-28 16:35:28
USR0250,2025-03-28 16:48:42
USR0043,2025-03-28 17:27:59
USR0064,2025-03-28 18:14:20
USR0170,2025-03-28 18:48:52
USR0077,2025-03-28 19:01:41
USR0191,2025-03-28 19:35:13
USR0200,2025-03-31 08:42:24
USR0099,2025-03-31 09:55:13
USR0006,2025-03-31 10:08:02
USR0120,2025-03-31 10:42:34
USR0206,2025-03-31 11:08:37
USR0105,2025-03-31 12:21:26
USR0040,2025-03-31 12:42:44
USR0219,2025-03-31 12:55:58
USR0126,2025-03-31 13:08:47
USR0012,2025-03-31 13:34:15
USR0240,2025-03-31 13:42:19
USR0139,2025-03-31 14:55:08
USR0046,2025-03-31 15:08:57
USR0225,2025-03-31 15:21:11
USR0160,2025-03-31 15:42:29
USR0246,2025-03-31 16:08:32
USR0132,2025-03-31 16:34:00
USR0059,2025-03-31 16:55:18
USR0080,2025-03-31 17:42:39
USR0166,2025-03-31 18:08:42
USR0252,2025-03-31 19:34:45
USR0179,2025-03-31 19:55:03
USR0073,2025-04-01 08:21:42
USR0008,2025-04-01 08:42:00
USR0187,2025-04-01 08:55:14
USR0208,2025-04-01 09:42:35
USR0180,2025-04-01 10:34:06
USR0107,2025-04-01 10:55:24
USR0014,2025-04-01 11:08:13
USR0193,2025-04-01 11:21:27
USR0128,2025-04-01 11:42:45
USR0027,2025-04-01 12:55:34
USR0048,2025-04-01 13:42:55
USR0227,2025-04-01 13:55:09
USR0134,2025-04-01 14:08:58
USR0248,2025-04-01 14:42:30
USR0033,2025-04-01 15:21:47
USR0054,2025-04-01 16:08:08
USR0168,2025-04-01 16:42:40
USR0254,2025-04-01 17:08:43
USR0067,2025-04-01 17:55:29
USR0088,2025-04-01 18:42:50
USR0174,2025-04-01 19:08:53
USR0060,2025-04-01 19:34:21
USR0182,2025-04-02 08:08:04
USR0016,2025-04-02 09:42:11
USR0195,2025-04-02 09:55:25
USR0102,2025-04-02 10:08:14
USR0216,2025-04-02 10:42:46
USR0001,2025-04-02 11:21:03
USR0115,2025-04-02 11:55:35
USR0201,2025-04-02 12:21:38
USR0136,2025-04-02 12:42:56
USR0108,2025-04-02 13:34:27
USR0035,2025-04-02 13:55:45
USR0121,2025-04-02 14:21:48
USR0056,2025-04-02 14:42:06
USR0235,2025-04-02 14:55:20
USR0142,2025-04-02 15:08:09
USR0256,2025-04-02 15:42:41
USR0228,2025-04-02 16:34:12
USR0155,2025-04-02 16:55:30
USR0062,2025-04-02 17:08:19
USR0241,2025-04-02 17:21:33
USR0176,2025-04-02 17:42:51
USR0075,2025-04-02 18:55:40
USR0096,2025-04-02 19:42:01
USR0169,2025-04-03 08:21:54
USR0104,2025-04-03 08:42:12
USR0190,2025-04-03 09:08:15
USR0003,2025-04-03 09:55:01
USR0024,2025-04-03 10:42:22
USR0203,2025-04-03 10:55:36
USR0110,2025-04-03 11:08:25
USR0224,2025-04-03 11:42:57
USR0009,2025-04-03 12:21:14
USR0123,2025-04-03 12:55:46
USR0144,2025-04-03 13:42:07
USR0230,2025-04-03 14:08:10
USR0043,2025-04-03 14:55:56
USR0129,2025-04-03 15:21:59
USR0064,2025-04-03 15:42:17
USR0243,2025-04-03 15:55:31
USR0036,2025-04-03 16:34:48
USR0049,2025-04-03 17:21:09
USR0163,2025-04-03 17:55:41
USR0070,2025-04-03 18:08:30
USR0249,2025-04-03 18:21:44
USR0184,2025-04-03 18:42:02
USR0091,2025-04-04 08:55:02
USR0177,2025-04-04 09:21:05
USR0112,2025-04-04 09:42:23
USR0198,2025-04-04 10:08:26
USR0011,2025-04-04 10:55:12
USR0097,2025-04-04 11:21:15
USR0032,2025-04-04 11:42:33
USR0118,2025-04-04 12:08:36
USR0232,2025-04-04 12:42:08
USR0204,2025-04-04 13:34:39
USR0131,2025-04-04 13:55:57
USR0038,2025-04-04 14:08:46
USR0152,2025-04-04 14:42:18
USR0238,2025-04-04 15:08:21
USR0051,2025-04-04 15:55:07
USR0072,2025-04-04 16:42:28
USR0251,2025-04-04 16:55:42
USR0057,2025-04-04 18:21:20
USR0171,2025-04-04 18:55:52
USR0078,2025-04-04 19:08:41
USR0192,2025-04-04 19:42:13
USR0193,2025-04-07 08:49:24
USR0100,2025-04-07 09:02:13
USR0173,2025-04-07 09:41:55
USR0007,2025-04-07 10:15:02
USR0186,2025-04-07 10:28:16
USR0113,2025-04-07 10:49:34
USR0207,2025-04-07 11:15:37
USR0220,2025-04-07 12:02:58
USR0033,2025-04-07 12:49:44
USR0127,2025-04-07 13:15:47
USR0233,2025-04-07 13:49:19
USR0140,2025-04-07 14:02:08
USR0047,2025-04-07 15:15:57
USR0153,2025-04-07 15:49:29
USR0060,2025-04-07 16:02:18
USR0247,2025-04-07 16:15:32
USR0073,2025-04-07 17:49:39
USR0167,2025-04-07 18:15:42
USR0053,2025-04-07 18:41:10
USR0180,2025-04-07 19:02:03
USR0066,2025-04-07 19:28:31
USR0188,2025-04-08 08:02:14
USR0074,2025-04-08 08:28:42
USR0001,2025-04-08 08:49:00
USR0201,2025-04-08 09:49:35
USR0108,2025-04-08 10:02:24
USR0015,2025-04-08 11:15:13
USR0194,2025-04-08 11:28:27
USR0121,2025-04-08 11:49:45
USR0028,2025-04-08 12:02:34
USR0101,2025-04-08 12:41:16
USR0228,2025-04-08 13:02:09
USR0114,2025-04-08 13:28:37
USR0041,2025-04-08 13:49:55
USR0135,2025-04-08 14:15:58
USR0241,2025-04-08 14:49:30
USR0055,2025-04-08 16:15:08
USR0234,2025-04-08 16:28:22
USR0161,2025-04-08 16:49:40
USR0068,2025-04-08 17:02:29
USR0255,2025-04-08 17:15:43
USR0175,2025-04-08 19:15:53
USR0183,2025-04-09 08:15:04
USR0196,2025-04-09 09:02:25
USR0009,2025-04-09 09:49:11
USR0103,2025-04-09 10:15:14
USR0116,2025-04-09 11:02:35
USR0002,2025-04-09 11:28:03
USR0129,2025-04-09 12:49:56
USR0036,2025-04-09 13:02:45
USR0236,2025-04-09 14:02:20
USR0122,2025-04-09 14:28:48
USR0049,2025-04-09 14:49:06
USR0143,2025-04-09 15:15:09
USR0249,2025-04-09 15:49:41
USR0156,2025-04-09 16:02:30
USR0042,2025-04-09 16:28:58
USR0063,2025-04-09 17:15:19
USR0242,2025-04-09 17:28:33
USR0169,2025-04-09 17:49:51
USR0076,2025-04-09 18:02:40
USR0162,2025-04-09 19:28:43
USR0089,2025-04-09 19:49:01
USR0170,2025-04-10 08:28:54
USR0097,2025-04-10 08:49:12
USR0004,2025-04-10 09:02:01
USR0191,2025-04-10 09:15:15
USR0077,2025-04-10 09:41:43
USR0204,2025-04-10 10:02:36
USR0111,2025-04-10 11:15:25
USR0217,2025-04-10 11:49:57
USR0124,2025-04-10 12:02:46
USR0197,2025-04-10 12:41:28
USR0137,2025-04-10 13:49:07
USR0044,2025-04-10 14:02:56
USR0231,2025-04-10 14:15:10
USR0244,2025-04-10 15:02:31
USR0057,2025-04-10 15:49:17
USR0164,2025-04-10 17:02:41
USR0050,2025-04-10 17:28:09
USR0071,2025-04-10 18:15:30
USR0177,2025-04-10 18:49:02
USR0092,2025-04-11 08:02:02
USR0105,2025-04-11 09:49:23
USR0012,2025-04-11 10:02:12
USR0199,2025-04-11 10:15:26
USR0098,2025-04-11 11:28:15
USR0025,2025-04-11 11:49:33
USR0119,2025-04-11 12:15:36
USR0005,2025-04-11 12:41:04
USR0225,2025-04-11 12:49:08
USR0132,2025-04-11 13:02:57
USR0039,2025-04-11 14:15:46
USR0052,2025-04-11 15:02:07
USR0239,2025-04-11 15:15:21
USR0125,2025-04-11 15:41:49
USR0252,2025-04-11 16:02:42
USR0138,2025-04-11 16:28:10
USR0065,2025-04-11 16:49:28
USR0172,2025-04-11 18:02:52
USR0245,2025-04-11 18:41:34
USR0079,2025-04-11 19:15:41
USR0185,2025-04-11 19:49:13
USR0194,2025-04-14 08:56:24
USR0101,2025-04-14 09:09:13
USR0008,2025-04-14 10:22:02
USR0187,2025-04-14 10:35:16
USR0114,2025-04-14 10:56:34
USR0208,2025-04-14 11:22:37
USR0221,2025-04-14 12:09:58
USR0107,2025-04-14 12:35:26
USR0034,2025-04-14 12:56:44
USR0128,2025-04-14 13:22:47
USR0234,2025-04-14 13:56:19
USR0141,2025-04-14 14:09:08
USR0048,2025-04-14 15:22:57
USR0227,2025-04-14 15:35:11
USR0154,2025-04-14 15:56:29
USR0061,2025-04-14 16:09:18
USR0248,2025-04-14 16:22:32
USR0074,2025-04-14 17:56:39
USR0168,2025-04-14 18:22:42
USR0181,2025-04-14 19:09:03
USR0067,2025-04-14 19:35:31
USR0189,2025-04-15 08:09:14
USR0002,2025-04-15 08:56:00
USR0202,2025-04-15 09:56:35
USR0109,2025-04-15 10:09:24
USR0016,2025-04-15 11:22:13
USR0122,2025-04-15 11:56:45
USR0029,2025-04-15 12:09:34
USR0229,2025-04-15 13:09:09
USR0115,2025-04-15 13:35:37
USR0042,2025-04-15 13:56:55
USR0136,2025-04-15 14:22:58
USR0242,2025-04-15 14:56:30
USR0035,2025-04-15 15:35:47
USR0056,2025-04-15 16:22:08
USR0235,2025-04-15 16:35:22
USR0162,2025-04-15 16:56:40
USR0069,2025-04-15 17:09:29
USR0256,2025-04-15 17:22:43
USR0142,2025-04-15 17:48:11
USR0176,2025-04-15 19:22:53
USR0184,2025-04-16 08:22:04
USR0070,2025-04-16 08:48:32
USR0197,2025-04-16 09:09:25
USR0010,2025-04-16 09:56:11
USR0104,2025-04-16 10:22:14
USR0117,2025-04-16 11:09:35
USR0190,2025-04-16 11:48:17
USR0203,2025-04-16 12:35:38
USR0130,2025-04-16 12:56:56
USR0037,2025-04-16 13:09:45
USR0237,2025-04-16 14:09:20
USR0050,2025-04-16 14:56:06
USR0144,2025-04-16 15:22:09
USR0250,2025-04-16 15:56:41
USR0157,2025-04-16 16:09:30
USR0043,2025-04-16 16:35:58
USR0064,2025-04-16 17:22:19
USR0170,2025-04-16 17:56:51
USR0077,2025-04-16 18:09:40
USR0163,2025-04-16 19:35:43
USR0090,2025-04-16 19:56:01
USR0098,2025-04-17 08:56:12
USR0005,2025-04-17 09:09:01
USR0192,2025-04-17 09:22:15
USR0205,2025-04-17 10:09:36
USR0112,2025-04-17 11:22:25
USR0218,2025-04-17 11:56:57
USR0125,2025-04-17 12:09:46
USR0011,2025-04-17 12:35:14
USR0138,2025-04-17 13:56:07
USR0045,2025-04-17 14:09:56
USR0232,2025-04-17 14:22:10
USR0118,2025-04-17 14:48:38
USR0245,2025-04-17 15:09:31
USR0131,2025-04-17 15:35:59
USR0058,2025-04-17 15:56:17
USR0165,2025-04-17 17:09:41
USR0238,2025-04-17 17:48:23
USR0072,2025-04-17 18:22:30
USR0251,2025-04-17 18:35:44
USR0178,2025-04-17 18:56:02
USR0093,2025-04-18 08:09:02
USR0166,2025-04-18 08:48:44
USR0179,2025-04-18 09:35:05
USR0106,2025-04-18 09:56:23
USR0013,2025-04-18 10:09:12
USR0200,2025-04-18 10:22:26
USR0026,2025-04-18 11:56:33
USR0120,2025-04-18 12:22:36
USR0226,2025-04-18 12:56:08
USR0133,2025-04-18 13:09:57
USR0040,2025-04-18 14:22:46
USR0053,2025-04-18 15:09:07
USR0240,2025-04-18 15:22:21
USR0253,2025-04-18 16:09:42
USR0139,2025-04-18 16:35:10
USR0066,2025-04-18 16:56:28
USR0046,2025-04-18 17:48:59
USR0173,2025-04-18 18:09:52
USR0059,2025-04-18 18:35:20
USR0080,2025-04-18 19:22:41
USR0186,2025-04-18 19:56:13
USR0195,2025-04-21 08:03:24
USR0102,2025-04-21 09:16:13
USR0115,2025-04-21 10:03:34
USR0001,2025-04-21 10:29:02
USR0201,2025-04-21 11:29:37
USR0035,2025-04-21 12:03:44
USR0222,2025-04-21 12:16:58
USR0108,2025-04-21 12:42:26
USR0235,2025-04-21 13:03:19
USR0121,2025-04-21 13:29:47
USR0015,2025-04-21 13:55:15
USR0142,2025-04-21 14:16:08
USR0155,2025-04-21 15:03:29
USR0041,2025-04-21 15:29:57
USR0228,2025-04-21 15:42:11
USR0062,2025-04-21 16:16:18
USR0241,2025-04-21 16:29:32
USR0135,2025-04-21 16:55:00
USR0075,2025-04-21 17:03:39
USR0161,2025-04-21 18:29:42
USR0182,2025-04-21 19:16:03
USR0255,2025-04-21 19:55:45
USR0003,2025-04-22 08:03:00
USR0190,2025-04-22 08:16:14
USR0076,2025-04-22 08:42:42
USR0203,2025-04-22 09:03:35
USR0110,2025-04-22 10:16:24
USR0183,2025-04-22 10:55:06
USR0123,2025-04-22 11:03:45
USR0009,2025-04-22 11:29:13
USR0196,2025-04-22 11:42:27
USR0030,2025-04-22 12:16:34
USR0043,2025-04-22 13:03:55
USR0230,2025-04-22 13:16:09
USR0243,2025-04-22 14:03:30
USR0129,2025-04-22 14:29:58
USR0036,2025-04-22 15:42:47
USR0163,2025-04-22 16:03:40
USR0049,2025-04-22 16:29:08
USR0070,2025-04-22 17:16:29
USR0249,2025-04-22 17:29:43
USR0083,2025-04-22 18:03:50
USR0169,2025-04-22 19:29:53
USR0063,2025-04-22 19:55:21
USR0177,2025-04-23 08:29:04
USR0011,2025-04-23 09:03:11
USR0198,2025-04-23 09:16:25
USR0211,2025-04-23 10:03:46
USR0097,2025-04-23 10:29:14
USR0118,2025-04-23 11:16:35
USR0004,2025-04-23 11:42:03
USR0131,2025-04-23 12:03:56
USR0204,2025-04-23 12:42:38
USR0038,2025-04-23 13:16:45
USR0111,2025-04-23 13:55:27
USR0051,2025-04-23 14:03:06
USR0238,2025-04-23 14:16:20
USR0124,2025-04-23 14:42:48
USR0251,2025-04-23 15:03:41
USR0137,2025-04-23 15:29:09
USR0158,2025-04-23 16:16:30
USR0231,2025-04-23 16:55:12
USR0171,2025-04-23 17:03:51
USR0057,2025-04-23 17:29:19
USR0244,2025-04-23 17:42:33
USR0078,2025-04-23 18:16:40
USR0091,2025-04-23 19:03:01
USR0099,2025-04-24 08:03:12
USR0172,2025-04-24 08:42:54
USR0006,2025-04-24 09:16:01
USR0185,2025-04-24 09:29:15
USR0019,2025-04-24 10:03:22
USR0206,2025-04-24 10:16:36
USR0219,2025-04-24 11:03:57
USR0105,2025-04-24 11:29:25
USR0126,2025-04-24 12:16:46
USR0012,2025-04-24 12:42:14
USR0139,2025-04-24 13:03:07
USR0046,2025-04-24 14:16:56
USR0225,2025-04-24 14:29:10
USR0059,2025-04-24 15:03:17
USR0246,2025-04-24 15:16:31
USR0132,2025-04-24 15:42:59
USR0039,2025-04-24 16:55:48
USR0166,2025-04-24 17:16:41
USR0052,2025-04-24 17:42:09
USR0179,2025-04-24 18:03:02
USR0065,2025-04-24 18:29:30
USR0252,2025-04-24 18:42:44
USR0094,2025-04-25 08:16:02
USR0107,2025-04-25 09:03:23
USR0180,2025-04-25 09:42:05
USR0014,2025-04-25 10:16:12
USR0193,2025-04-25 10:29:26
USR0027,2025-04-25 11:03:33
USR0100,2025-04-25 11:42:15
USR0227,2025-04-25 12:03:08
USR0113,2025-04-25 12:29:36
USR0134,2025-04-25 13:16:57
USR0207,2025-04-25 13:55:39
USR0147,2025-04-25 14:03:18
USR0033,2025-04-25 14:29:46
USR0054,2025-04-25 15:16:07
USR0233,2025-04-25 15:29:21
USR0067,2025-04-25 16:03:28
USR0254,2025-04-25 16:16:42
USR0174,2025-04-25 18:16:52
USR0060,2025-04-25 18:42:20
USR0187,2025-04-25 19:03:13
USR0073,2025-04-25 19:29:41
USR0196,2025-04-28 08:10:24
USR0176,2025-04-28 09:02:55
USR0103,2025-04-28 09:23:13
USR0116,2025-04-28 10:10:34
USR0002,2025-04-28 10:36:02
USR0189,2025-04-28 10:49:16
USR0202,2025-04-28 11:36:37
USR0036,2025-04-28 12:10:44
USR0223,2025-04-28 12:23:58
USR0236,2025-04-28 13:10:19
USR0122,2025-04-28 13:36:47
USR0143,2025-04-28 14:23:08
USR0156,2025-04-28 15:10:29
USR0042,2025-04-28 15:36:57
USR0063,2025-04-28 16:23:18
USR0242,2025-04-28 16:36:32
USR0076,2025-04-28 17:10:39
USR0056,2025-04-28 18:02:10
USR0162,2025-04-28 18:36:42
USR0183,2025-04-28 19:23:03
USR0069,2025-04-28 19:49:31
USR0004,2025-04-29 08:10:00
USR0191,2025-04-29 08:23:14
USR0077,2025-04-29 08:49:42
USR0204,2025-04-29 09:10:35
USR0111,2025-04-29 10:23:24
USR0124,2025-04-29 11:10:45
USR0010,2025-04-29 11:36:13
USR0197,2025-04-29 11:49:27
USR0104,2025-04-29 12:02:16
USR0031,2025-04-29 12:23:34
USR0044,2025-04-29 13:10:55
USR0231,2025-04-29 13:23:09
USR0117,2025-04-29 13:49:37
USR0244,2025-04-29 14:10:30
USR0130,2025-04-29 14:36:58
USR0164,2025-04-29 16:10:40
USR0050,2025-04-29 16:36:08
USR0237,2025-04-29 16:49:22
USR0071,2025-04-29 17:23:29
USR0250,2025-04-29 17:36:43
USR0170,2025-04-29 19:36:53
USR0178,2025-04-30 08:36:04
USR0012,2025-04-30 09:10:11
USR0199,2025-04-30 09:23:25
USR0098,2025-04-30 10:36:14
USR0119,2025-04-30 11:23:35
USR0005,2025-04-30 11:49:03
USR0132,2025-04-30 12:10:56
USR0039,2025-04-30 13:23:45
USR0052,2025-04-30 14:10:06
USR0239,2025-04-30 14:23:20
USR0125,2025-04-30 14:49:48
USR0252,2025-04-30 15:10:41
USR0138,2025-04-30 15:36:09
USR0159,2025-04-30 16:23:30
USR0045,2025-04-30 16:49:58
USR0172,2025-04-30 17:10:51
USR0058,2025-04-30 17:36:19
USR0245,2025-04-30 17:49:33
USR0079,2025-04-30 18:23:40
USR0092,2025-04-30 19:10:01
USR0165,2025-04-30 19:49:43
USR0100,2025-05-01 08:10:12
USR0173,2025-05-01 08:49:54
USR0080,2025-05-01 09:02:43
USR0007,2025-05-01 09:23:01
USR0186,2025-05-01 09:36:15
USR0207,2025-05-01 10:23:36
USR0220,2025-05-01 11:10:57
USR0106,2025-05-01 11:36:25
USR0200,2025-05-01 12:02:28
USR0127,2025-05-01 12:23:46
USR0140,2025-05-01 13:10:07
USR0047,2025-05-01 14:23:56
USR0226,2025-05-01 14:36:10
USR0060,2025-05-01 15:10:17
USR0247,2025-05-01 15:23:31
USR0167,2025-05-01 17:23:41
USR0053,2025-05-01 17:49:09
USR0180,2025-05-01 18:10:02
USR0066,2025-05-01 18:36:30
USR0095,2025-05-02 08:23:02
USR0108,2025-05-02 09:10:23
USR0015,2025-05-02 10:23:12
USR0194,2025-05-02 10:36:26
USR0028,2025-05-02 11:10:33
USR0101,2025-05-02 11:49:15
USR0008,2025-05-02 12:02:04
USR0228,2025-05-02 12:10:08
USR0114,2025-05-02 12:36:36
USR0135,2025-05-02 13:23:57
USR0034,2025-05-02 14:36:46
USR0128,2025-05-02 15:02:49
USR0055,2025-05-02 15:23:07
USR0234,2025-05-02 15:36:21
USR0068,2025-05-02 16:10:28
USR0255,2025-05-02 16:23:42
USR0141,2025-05-02 16:49:10
USR0248,2025-05-02 18:02:34
USR0175,2025-05-02 18:23:52
USR0188,2025-05-02 19:10:13
USR0074,2025-05-02 19:36:41
USR0197,2025-05-05 08:17:24
USR0104,2025-05-05 09:30:13
USR0117,2025-05-05 10:17:34
USR0003,2025-05-05 10:43:02
USR0190,2025-05-05 10:56:16
USR0203,2025-05-05 11:43:37
USR0037,2025-05-05 12:17:44
USR0224,2025-05-05 12:30:58
USR0110,2025-05-05 12:56:26
USR0237,2025-05-05 13:17:19
USR0123,2025-05-05 13:43:47
USR0144,2025-05-05 14:30:08
USR0157,2025-05-05 15:17:29
USR0043,2025-05-05 15:43:57
USR0230,2025-05-05 15:56:11
USR0064,2025-05-05 16:30:18
USR0243,2025-05-05 16:43:32
USR0077,2025-05-05 17:17:39
USR0163,2025-05-05 18:43:42
USR0184,2025-05-05 19:30:03
USR0070,2025-05-05 19:56:31
USR0005,2025-05-06 08:17:00
USR0192,2025-05-06 08:30:14
USR0205,2025-05-06 09:17:35
USR0112,2025-05-06 10:30:24
USR0125,2025-05-06 11:17:45
USR0011,2025-05-06 11:43:13
USR0032,2025-05-06 12:30:34
USR0045,2025-05-06 13:17:55
USR0232,2025-05-06 13:30:09
USR0118,2025-05-06 13:56:37
USR0245,2025-05-06 14:17:30
USR0131,2025-05-06 14:43:58
USR0038,2025-05-06 15:56:47
USR0165,2025-05-06 16:17:40
USR0051,2025-05-06 16:43:08
USR0238,2025-05-06 16:56:22
USR0137,2025-05-06 17:09:11
USR0072,2025-05-06 17:30:29
USR0251,2025-05-06 17:43:43
USR0171,2025-05-06 19:43:53
USR0065,2025-05-07 08:09:32
USR0179,2025-05-07 08:43:04
USR0013,2025-05-07 09:17:11
USR0200,2025-05-07 09:30:25
USR0099,2025-05-07 10:43:14
USR0185,2025-05-07 11:09:17
USR0120,2025-05-07 11:30:35
USR0133,2025-05-07 12:17:56
USR0206,2025-05-07 12:56:38
USR0040,2025-05-07 13:30:45
USR0053,2025-05-07 14:17:06
USR0240,2025-05-07 14:30:20
USR0253,2025-05-07 15:17:41
USR0139,2025-05-07 15:43:09
USR0160,2025-05-07 16:30:30
USR0046,2025-05-07 16:56:58
USR0173,2025-05-07 17:17:51
USR0059,2025-05-07 17:43:19
USR0080,2025-05-07 18:30:40
USR0093,2025-05-07 19:17:01
USR0166,2025-05-07 19:56:43
USR0101,2025-05-08 08:17:12
USR0008,2025-05-08 09:30:01
USR0187,2025-05-08 09:43:15
USR0208,2025-05-08 10:30:36
USR0221,2025-05-08 11:17:57
USR0107,2025-05-08 11:43:25
USR0128,2025-05-08 12:30:46
USR0014,2025-05-08 12:56:14
USR0141,2025-05-08 13:17:07
USR0113,2025-05-08 14:09:38
USR0048,2025-05-08 14:30:56
USR0227,2025-05-08 14:43:10
USR0061,2025-05-08 15:17:17
USR0248,2025-05-08 15:30:31
USR0134,2025-05-08 15:56:59
USR0233,2025-05-08 17:09:23
USR0168,2025-05-08 17:30:41
USR0181,2025-05-08 18:17:02
USR0067,2025-05-08 18:43:30
USR0254,2025-05-08 18:56:44
USR0161,2025-05-09 08:09:44
USR0096,2025-05-09 08:30:02
USR0109,2025-05-09 09:17:23
USR0182,2025-05-09 09:56:05
USR0016,2025-05-09 10:30:12
USR0195,2025-05-09 10:43:26
USR0029,2025-05-09 11:17:33
USR0229,2025-05-09 12:17:08
USR0115,2025-05-09 12:43:36
USR0136,2025-05-09 13:30:57
USR0035,2025-05-09 14:43:46
USR0056,2025-05-09 15:30:07
USR0235,2025-05-09 15:43:21
USR0069,2025-05-09 16:17:28
USR0256,2025-05-09 16:30:42
USR0142,2025-05-09 16:56:10
USR0041,2025-05-09 17:09:59
USR0176,2025-05-09 18:30:52
USR0062,2025-05-09 18:56:20
USR0189,2025-05-09 19:17:13
USR0075,2025-05-09 19:43:41
USR0198,2025-05-12 08:24:24
USR0097,2025-05-12 09:37:13
USR0118,2025-05-12 10:24:34
USR0004,2025-05-12 10:50:02
USR0204,2025-05-12 11:50:37
USR0111,2025-05-12 12:03:26
USR0038,2025-05-12 12:24:44
USR0217,2025-05-12 12:37:58
USR0010,2025-05-12 13:16:15
USR0238,2025-05-12 13:24:19
USR0124,2025-05-12 13:50:47
USR0137,2025-05-12 14:37:08
USR0231,2025-05-12 15:03:11
USR0158,2025-05-12 15:24:29
USR0044,2025-05-12 15:50:57
USR0130,2025-05-12 16:16:00
USR0057,2025-05-12 16:37:18
USR0244,2025-05-12 16:50:32
USR0078,2025-05-12 17:24:39
USR0164,2025-05-12 18:50:42
USR0250,2025-05-12 19:16:45
USR0177,2025-05-12 19:37:03
USR0079,2025-05-13 08:03:42
USR0006,2025-05-13 08:24:00
USR0185,2025-05-13 08:37:14
USR0206,2025-05-13 09:24:35
USR0178,2025-05-13 10:16:06
USR0105,2025-05-13 10:37:24
USR0199,2025-05-13 11:03:27
USR0126,2025-05-13 11:24:45
USR0012,2025-05-13 11:50:13
USR0025,2025-05-13 12:37:34
USR0046,2025-05-13 13:24:55
USR0225,2025-05-13 13:37:09
USR0246,2025-05-13 14:24:30
USR0132,2025-05-13 14:50:58
USR0039,2025-05-13 15:03:47
USR0166,2025-05-13 16:24:40
USR0052,2025-05-13 16:50:08
USR0065,2025-05-13 17:37:29
USR0252,2025-05-13 17:50:43
USR0086,2025-05-13 18:24:50
USR0058,2025-05-13 19:16:21
USR0172,2025-05-13 19:50:53
USR0180,2025-05-14 08:50:04
USR0014,2025-05-14 09:24:11
USR0193,2025-05-14 09:37:25
USR0214,2025-05-14 10:24:46
USR0100,2025-05-14 10:50:14
USR0007,2025-05-14 11:03:03
USR0113,2025-05-14 11:37:35
USR0207,2025-05-14 12:03:38
USR0134,2025-05-14 12:24:56
USR0106,2025-05-14 13:16:27
USR0033,2025-05-14 13:37:45
USR0127,2025-05-14 14:03:48
USR0054,2025-05-14 14:24:06
USR0233,2025-05-14 14:37:20
USR0254,2025-05-14 15:24:41
USR0140,2025-05-14 15:50:09
USR0226,2025-05-14 16:16:12
USR0153,2025-05-14 16:37:30
USR0247,2025-05-14 17:03:33
USR0174,2025-05-14 17:24:51
USR0060,2025-05-14 17:50:19
USR0073,2025-05-14 18:37:40
USR0094,2025-05-14 19:24:01
USR0175,2025-05-15 08:03:54
USR0102,2025-05-15 08:24:12
USR0001,2025-05-15 09:37:01
USR0188,2025-05-15 09:50:15
USR0022,2025-05-15 10:24:22
USR0201,2025-05-15 10:37:36
USR0222,2025-05-15 11:24:57
USR0108,2025-05-15 11:50:25
USR0015,2025-05-15 12:03:14
USR0121,2025-05-15 12:37:46
USR0142,2025-05-15 13:24:07
USR0041,2025-05-15 14:37:56
USR0228,2025-05-15 14:50:10
USR0135,2025-05-15 15:03:59
USR0062,2025-05-15 15:24:17
USR0241,2025-05-15 15:37:31
USR0034,2025-05-15 16:16:48
USR0055,2025-05-15 17:03:09
USR0161,2025-05-15 17:37:41
USR0255,2025-05-15 18:03:44
USR0182,2025-05-15 18:24:02
USR0068,2025-05-15 18:50:30
USR0089,2025-05-16 08:37:02
USR0183,2025-05-16 09:03:05
USR0110,2025-05-16 09:24:23
USR0009,2025-05-16 10:37:12
USR0196,2025-05-16 10:50:26
USR0103,2025-05-16 11:03:15
USR0030,2025-05-16 11:24:33
USR0230,2025-05-16 12:24:08
USR0116,2025-05-16 12:50:36
USR0202,2025-05-16 13:16:39
USR0129,2025-05-16 13:37:57
USR0150,2025-05-16 14:24:18
USR0036,2025-05-16 14:50:46
USR0049,2025-05-16 15:37:07
USR0236,2025-05-16 15:50:21
USR0070,2025-05-16 16:24:28
USR0249,2025-05-16 16:37:42
USR0063,2025-05-16 18:03:20
USR0169,2025-05-16 18:37:52
USR0190,2025-05-16 19:24:13
USR0076,2025-05-16 19:50:41
USR0199,2025-05-19 08:31:24
USR0171,2025-05-19 09:23:55
USR0098,2025-05-19 09:44:13
USR0192,2025-05-19 10:10:16
USR0119,2025-05-19 10:31:34
USR0005,2025-05-19 10:57:02
USR0205,2025-05-19 11:57:37
USR0039,2025-05-19 12:31:44
USR0218,2025-05-19 12:44:58
USR0239,2025-05-19 13:31:19
USR0125,2025-05-19 13:57:47
USR0138,2025-05-19 14:44:08
USR0159,2025-05-19 15:31:29
USR0045,2025-05-19 15:57:57
USR0058,2025-05-19 16:44:18
USR0245,2025-05-19 16:57:32
USR0079,2025-05-19 17:31:39
USR0051,2025-05-19 18:23:10
USR0165,2025-05-19 18:57:42
USR0072,2025-05-19 19:10:31
USR0178,2025-05-19 19:44:03
USR0080,2025-05-20 08:10:42
USR0007,2025-05-20 08:31:00
USR0186,2025-05-20 08:44:14
USR0207,2025-05-20 09:31:35
USR0106,2025-05-20 10:44:24
USR0200,2025-05-20 11:10:27
USR0127,2025-05-20 11:31:45
USR0013,2025-05-20 11:57:13
USR0099,2025-05-20 12:23:16
USR0026,2025-05-20 12:44:34
USR0120,2025-05-20 13:10:37
USR0047,2025-05-20 13:31:55
USR0226,2025-05-20 13:44:09
USR0247,2025-05-20 14:31:30
USR0133,2025-05-20 14:57:58
USR0240,2025-05-20 16:10:22
USR0167,2025-05-20 16:31:40
USR0053,2025-05-20 16:57:08
USR0066,2025-05-20 17:44:29
USR0253,2025-05-20 17:57:43
USR0173,2025-05-20 19:57:53
USR0181,2025-05-21 08:57:04
USR0015,2025-05-21 09:31:11
USR0194,2025-05-21 09:44:25
USR0101,2025-05-21 10:57:14
USR0008,2025-05-21 11:10:03
USR0114,2025-05-21 11:44:35
USR0135,2025-05-21 12:31:56
USR0034,2025-05-21 13:44:45
USR0128,2025-05-21 14:10:48
USR0055,2025-05-21 14:31:06
USR0234,2025-05-21 14:44:20
USR0255,2025-05-21 15:31:41
USR0141,2025-05-21 15:57:09
USR0048,2025-05-21 16:10:58
USR0154,2025-05-21 16:44:30
USR0248,2025-05-21 17:10:33
USR0175,2025-05-21 17:31:51
USR0061,2025-05-21 17:57:19
USR0074,2025-05-21 18:44:40
USR0168,2025-05-21 19:10:43
USR0095,2025-05-21 19:31:01
USR0176,2025-05-22 08:10:54
USR0103,2025-05-22 08:31:12
USR0075,2025-05-22 09:23:43
USR0002,2025-05-22 09:44:01
USR0189,2025-05-22 09:57:15
USR0202,2025-05-22 10:44:36
USR0223,2025-05-22 11:31:57
USR0109,2025-05-22 11:57:25
USR0195,2025-05-22 12:23:28
USR0122,2025-05-22 12:44:46
USR0143,2025-05-22 13:31:07
USR0042,2025-05-22 14:44:56
USR0229,2025-05-22 14:57:10
USR0063,2025-05-22 15:31:17
USR0242,2025-05-22 15:44:31
USR0056,2025-05-22 17:10:09
USR0162,2025-05-22 17:44:41
USR0183,2025-05-22 18:31:02
USR0069,2025-05-22 18:57:30
USR0090,2025-05-23 08:44:02
USR0111,2025-05-23 09:31:23
USR0010,2025-05-23 10:44:12
USR0197,2025-05-23 10:57:26
USR0104,2025-05-23 11:10:15
USR0031,2025-05-23 11:31:33
USR0003,2025-05-23 12:23:04
USR0231,2025-05-23 12:31:08
USR0117,2025-05-23 12:57:36
USR0130,2025-05-23 13:44:57
USR0037,2025-05-23 14:57:46
USR0123,2025-05-23 15:23:49
USR0050,2025-05-23 15:44:07
USR0237,2025-05-23 15:57:21
USR0144,2025-05-23 16:10:10
USR0071,2025-05-23 16:31:28
USR0250,2025-05-23 16:44:42
USR0243,2025-05-23 18:23:34
USR0170,2025-05-23 18:44:52
USR0191,2025-05-23 19:31:13
USR0077,2025-05-23 19:57:41
USR0200,2025-05-26 08:38:24
USR0099,2025-05-26 09:51:13
USR0006,2025-05-26 10:04:02
USR0185,2025-05-26 10:17:16
USR0120,2025-05-26 10:38:34
USR0206,2025-05-26 11:04:37
USR0105,2025-05-26 12:17:26
USR0040,2025-05-26 12:38:44
USR0219,2025-05-26 12:51:58
USR0126,2025-05-26 13:04:47
USR0240,2025-05-26 13:38:19
USR0139,2025-05-26 14:51:08
USR0046,2025-05-26 15:04:57
USR0225,2025-05-26 15:17:11
USR0160,2025-05-26 15:38:29
USR0246,2025-05-26 16:04:32
USR0059,2025-05-26 16:51:18
USR0080,2025-05-26 17:38:39
USR0166,2025-05-26 18:04:42
USR0065,2025-05-26 19:17:31
USR0179,2025-05-26 19:51:03
USR0008,2025-05-27 08:38:00
USR0187,2025-05-27 08:51:14
USR0208,2025-05-27 09:38:35
USR0107,2025-05-27 10:51:24
USR0014,2025-05-27 11:04:13
USR0128,2025-05-27 11:38:45
USR0027,2025-05-27 12:51:34
USR0113,2025-05-27 13:17:37
USR0048,2025-05-27 13:38:55
USR0227,2025-05-27 13:51:09
USR0134,2025-05-27 14:04:58
USR0248,2025-05-27 14:38:30
USR0033,2025-05-27 15:17:47
USR0054,2025-05-27 16:04:08
USR0233,2025-05-27 16:17:22
USR0168,2025-05-27 16:38:40
USR0254,2025-05-27 17:04:43
USR0140,2025-05-27 17:30:11
USR0067,2025-05-27 17:51:29
USR0174,2025-05-27 19:04:53
USR0182,2025-05-28 08:04:04
USR0068,2025-05-28 08:30:32
USR0016,2025-05-28 09:38:11
USR0195,2025-05-28 09:51:25
USR0102,2025-05-28 10:04:14
USR0188,2025-05-28 11:30:17
USR0115,2025-05-28 11:51:35
USR0201,2025-05-28 12:17:38
USR0136,2025-05-28 12:38:56
USR0035,2025-05-28 13:51:45
USR0056,2025-05-28 14:38:06
USR0235,2025-05-28 14:51:20
USR0142,2025-05-28 15:04:09
USR0256,2025-05-28 15:38:41
USR0041,2025-05-28 16:17:58
USR0155,2025-05-28 16:51:30
USR0062,2025-05-28 17:04:19
USR0176,2025-05-28 17:38:51
USR0075,2025-05-28 18:51:40
USR0161,2025-05-28 19:17:43
USR0096,2025-05-28 19:38:01
USR0104,2025-05-29 08:38:12
USR0190,2025-05-29 09:04:15
USR0003,2025-05-29 09:51:01
USR0203,2025-05-29 10:51:36
USR0110,2025-05-29 11:04:25
USR0224,2025-05-29 11:38:57
USR0009,2025-05-29 12:17:14
USR0123,2025-05-29 12:51:46
USR0144,2025-05-29 13:38:07
USR0230,2025-05-29 14:04:10
USR0116,2025-05-29 14:30:38
USR0043,2025-05-29 14:51:56
USR0129,2025-05-29 15:17:59
USR0064,2025-05-29 15:38:17
USR0243,2025-05-29 15:51:31
USR0236,2025-05-29 17:30:23
USR0163,2025-05-29 17:51:41
USR0070,2025-05-29 18:04:30
USR0249,2025-05-29 18:17:44
USR0184,2025-05-29 18:38:02
USR0164,2025-05-30 08:30:44
USR0091,2025-05-30 08:51:02
USR0177,2025-05-30 09:17:05
USR0112,2025-05-30 09:38:23
USR0198,2025-05-30 10:04:26
USR0011,2025-05-30 10:51:12
USR0032,2025-05-30 11:38:33
USR0118,2025-05-30 12:04:36
USR0232,2025-05-30 12:38:08
USR0131,2025-05-30 13:51:57
USR0038,2025-05-30 14:04:46
USR0238,2025-05-30 15:04:21
USR0051,2025-05-30 15:51:07
USR0137,2025-05-30 16:17:10
USR0072,2025-05-30 16:38:28
USR0251,2025-05-30 16:51:42
USR0044,2025-05-30 17:30:59
USR0057,2025-05-30 18:17:20
USR0171,2025-05-30 18:51:52
USR0078,2025-05-30 19:04:41
USR0192,2025-05-30 19:38:13
USR0193,2025-06-02 08:45:24
USR0100,2025-06-02 09:58:13
USR0007,2025-06-02 10:11:02
USR0113,2025-06-02 10:45:34
USR0207,2025-06-02 11:11:37
USR0106,2025-06-02 12:24:26
USR0033,2025-06-02 12:45:44
USR0220,2025-06-02 12:58:58
USR0127,2025-06-02 13:11:47
USR0013,2025-06-02 13:37:15
USR0233,2025-06-02 13:45:19
USR0140,2025-06-02 14:58:08
USR0047,2025-06-02 15:11:57
USR0226,2025-06-02 15:24:11
USR0153,2025-06-02 15:45:29
USR0247,2025-06-02 16:11:32
USR0133,2025-06-02 16:37:00
USR0060,2025-06-02 16:58:18
USR0073,2025-06-02 17:45:39
USR0167,2025-06-02 18:11:42
USR0253,2025-06-02 19:37:45
USR0180,2025-06-02 19:58:03
USR0074,2025-06-03 08:24:42
USR0001,2025-06-03 08:45:00
USR0188,2025-06-03 08:58:14
USR0201,2025-06-03 09:45:35
USR0181,2025-06-03 10:37:06
USR0108,2025-06-03 10:58:24
USR0015,2025-06-03 11:11:13
USR0194,2025-06-03 11:24:27
USR0121,2025-06-03 11:45:45
USR0028,2025-06-03 12:58:34
USR0041,2025-06-03 13:45:55
USR0228,2025-06-03 13:58:09
USR0135,2025-06-03 14:11:58
USR0241,2025-06-03 14:45:30
USR0034,2025-06-03 15:24:47
USR0055,2025-06-03 16:11:08
USR0161,2025-06-03 16:45:40
USR0255,2025-06-03 17:11:43
USR0068,2025-06-03 17:58:29
USR0081,2025-06-03 18:45:50
USR0175,2025-06-03 19:11:53
USR0061,2025-06-03 19:37:21
USR0183,2025-06-04 08:11:04
USR0009,2025-06-04 09:45:11
USR0196,2025-06-04 09:58:25
USR0103,2025-06-04 10:11:14
USR0209,2025-06-04 10:45:46
USR0002,2025-06-04 11:24:03
USR0116,2025-06-04 11:58:35
USR0202,2025-06-04 12:24:38
USR0129,2025-06-04 12:45:56
USR0109,2025-06-04 13:37:27
USR0036,2025-06-04 13:58:45
USR0122,2025-06-04 14:24:48
USR0049,2025-06-04 14:45:06
USR0236,2025-06-04 14:58:20
USR0143,2025-06-04 15:11:09
USR0249,2025-06-04 15:45:41
USR0229,2025-06-04 16:37:12
USR0156,2025-06-04 16:58:30
USR0063,2025-06-04 17:11:19
USR0242,2025-06-04 17:24:33
USR0169,2025-06-04 17:45:51
USR0076,2025-06-04 18:58:40
USR0089,2025-06-04 19:45:01
USR0170,2025-06-05 08:24:54
USR0097,2025-06-05 08:45:12
USR0191,2025-06-05 09:11:15
USR0004,2025-06-05 09:58:01
USR0017,2025-06-05 10:45:22
USR0204,2025-06-05 10:58:36
USR0111,2025-06-05 11:11:25
USR0217,2025-06-05 11:45:57
USR0010,2025-06-05 12:24:14
USR0124,2025-06-05 12:58:46
USR0137,2025-06-05 13:45:07
USR0231,2025-06-05 14:11:10
USR0044,2025-06-05 14:58:56
USR0130,2025-06-05 15:24:59
USR0057,2025-06-05 15:45:17
USR0244,2025-06-05 15:58:31
USR0037,2025-06-05 16:37:48
USR0050,2025-06-05 17:24:09
USR0164,2025-06-05 17:58:41
USR0071,2025-06-05 18:11:30
USR0250,2025-06-05 18:24:44
USR0177,2025-06-05 18:45:02
USR0092,2025-06-06 08:58:02
USR0178,2025-06-06 09:24:05
USR0105,2025-06-06 09:45:23
USR0199,2025-06-06 10:11:26
USR0012,2025-06-06 10:58:12
USR0098,2025-06-06 11:24:15
USR0025,2025-06-06 11:45:33
USR0119,2025-06-06 12:11:36
USR0225,2025-06-06 12:45:08
USR0205,2025-06-06 13:37:39
USR0132,2025-06-06 13:58:57
USR0039,2025-06-06 14:11:46
USR0145,2025-06-06 14:45:18
USR0239,2025-06-06 15:11:21
USR0052,2025-06-06 15:58:07
USR0065,2025-06-06 16:45:28
USR0252,2025-06-06 16:58:42
USR0058,2025-06-06 18:24:20
USR0172,2025-06-06 18:58:52
USR0079,2025-06-06 19:11:41
USR0185,2025-06-06 19:45:13
USR0194,2025-06-09 08:52:24
USR0101,2025-06-09 09:05:13
USR0174,2025-06-09 09:44:55
USR0008,2025-06-09 10:18:02
USR0187,2025-06-09 10:31:16
USR0114,2025-06-09 10:52:34
USR0208,2025-06-09 11:18:37
USR0221,2025-06-09 12:05:58
USR0034,2025-06-09 12:52:44
USR0128,2025-06-09 13:18:47
USR0234,2025-06-09 13:52:19
USR0141,2025-06-09 14:05:08
USR0048,2025-06-09 15:18:57
USR0154,2025-06-09 15:52:29
USR0061,2025-06-09 16:05:18
USR0248,2025-06-09 16:18:32
USR0074,2025-06-09 17:52:39
USR0168,2025-06-09 18:18:42
USR0054,2025-06-09 18:44:10
USR0181,2025-06-09 19:05:03
USR0067,2025-06-09 19:31:31
USR0189,2025-06-10 08:05:14
USR0075,2025-06-10 08:31:42
USR0002,2025-06-10 08:52:00
USR0202,2025-06-10 09:52:35
USR0109,2025-06-10 10:05:24
USR0016,2025-06-10 11:18:13
USR0195,2025-06-10 11:31:27
USR0122,2025-06-10 11:52:45
USR0029,2025-06-10 12:05:34
USR0102,2025-06-10 12:44:16
USR0229,2025-06-10 13:05:09
USR0115,2025-06-10 13:31:37
USR0042,2025-06-10 13:52:55
USR0136,2025-06-10 14:18:58
USR0242,2025-06-10 14:52:30
USR0056,2025-06-10 16:18:08
USR0235,2025-06-10 16:31:22
USR0162,2025-06-10 16:52:40
USR0069,2025-06-10 17:05:29
USR0256,2025-06-10 17:18:43
USR0176,2025-06-10 19:18:53
USR0184,2025-06-11 08:18:04
USR0197,2025-06-11 09:05:25
USR0010,2025-06-11 09:52:11
USR0104,2025-06-11 10:18:14
USR0117,2025-06-11 11:05:35
USR0003,2025-06-11 11:31:03
USR0130,2025-06-11 12:52:56
USR0037,2025-06-11 13:05:45
USR0237,2025-06-11 14:05:20
USR0123,2025-06-11 14:31:48
USR0050,2025-06-11 14:52:06
USR0144,2025-06-11 15:18:09
USR0250,2025-06-11 15:52:41
USR0157,2025-06-11 16:05:30
USR0043,2025-06-11 16:31:58
USR0064,2025-06-11 17:18:19
USR0243,2025-06-11 17:31:33
USR0170,2025-06-11 17:52:51
USR0077,2025-06-11 18:05:40
USR0163,2025-06-11 19:31:43
USR0090,2025-06-11 19:52:01
USR0171,2025-06-12 08:31:54
USR0098,2025-06-12 08:52:12
USR0005,2025-06-12 09:05:01
USR0192,2025-06-12 09:18:15
USR0078,2025-06-12 09:44:43
USR0205,2025-06-12 10:05:36
USR0112,2025-06-12 11:18:25
USR0218,2025-06-12 11:52:57
USR0125,2025-06-12 12:05:46
USR0198,2025-06-12 12:44:28
USR0138,2025-06-12 13:52:07
USR0045,2025-06-12 14:05:56
USR0232,2025-06-12 14:18:10
USR0245,2025-06-12 15:05:31
USR0058,2025-06-12 15:52:17
USR0165,2025-06-12 17:05:41
USR0051,2025-06-12 17:31:09
USR0072,2025-06-12 18:18:30
USR0178,2025-06-12 18:52:02
USR0093,2025-06-13 08:05:02
USR0106,2025-06-13 09:52:23
USR0013,2025-06-13 10:05:12
USR0200,2025-06-13 10:18:26
USR0099,2025-06-13 11:31:15
USR0026,2025-06-13 11:52:33
USR0120,2025-06-13 12:18:36
USR0006,2025-06-13 12:44:04
USR0226,2025-06-13 12:52:08
USR0133,2025-06-13 13:05:57
USR0040,2025-06-13 14:18:46
USR0053,2025-06-13 15:05:07
USR0240,2025-06-13 15:18:21
USR0126,2025-06-13 15:44:49
USR0253,2025-06-13 16:05:42
USR0139,2025-06-13 16:31:10
USR0066,2025-06-13 16:52:28
USR0173,2025-06-13 18:05:52
USR0246,2025-06-13 18:44:34
USR0080,2025-06-13 19:18:41
USR0186,2025-06-13 19:52:13
USR0195,2025-06-16 08:59:24
USR0102,2025-06-16 09:12:13
USR0001,2025-06-16 10:25:02
USR0188,2025-06-16 10:38:16
USR0115,2025-06-16 10:59:34
USR0201,2025-06-16 11:25:37
USR0222,2025-06-16 12:12:58
USR0108,2025-06-16 12:38:26
USR0035,2025-06-16 12:59:44
USR0121,2025-06-16 13:25:47
USR0235,2025-06-16 13:59:19
USR0142,2025-06-16 14:12:08
USR0041,2025-06-16 15:25:57
USR0228,2025-06-16 15:38:11
USR0155,2025-06-16 15:59:29
USR0062,2025-06-16 16:12:18
USR0241,2025-06-16 16:25:32
USR0075,2025-06-16 17:59:39
USR0161,2025-06-16 18:25:42
USR0182,2025-06-16 19:12:03
USR0068,2025-06-16 19:38:31
USR0190,2025-06-17 08:12:14
USR0003,2025-06-17 08:59:00
USR0203,2025-06-17 09:59:35
USR0110,2025-06-17 10:12:24
USR0009,2025-06-17 11:25:13
USR0123,2025-06-17 11:59:45
USR0030,2025-06-17 12:12:34
USR0230,2025-06-17 13:12:09
USR0116,2025-06-17 13:38:37
USR0043,2025-06-17 13:59:55
USR0129,2025-06-17 14:25:58
USR0243,2025-06-17 14:59:30
USR0036,2025-06-17 15:38:47
USR0049,2025-06-17 16:25:08
USR0236,2025-06-17 16:38:22
USR0163,2025-06-17 16:59:40
USR0070,2025-06-17 17:12:29
USR0249,2025-06-17 17:25:43
USR0143,2025-06-17 17:51:11
USR0169,2025-06-17 19:25:53
USR0177,2025-06-18 08:25:04
USR0071,2025-06-18 08:51:32
USR0198,2025-06-18 09:12:25
USR0011,2025-06-18 09:59:11
USR0097,2025-06-18 10:25:14
USR0118,2025-06-18 11:12:35
USR0191,2025-06-18 11:51:17
USR0204,2025-06-18 12:38:38
USR0131,2025-06-18 12:59:56
USR0038,2025-06-18 13:12:45
USR0238,2025-06-18 14:12:20
USR0051,2025-06-18 14:59:06
USR0137,2025-06-18 15:25:09
USR0251,2025-06-18 15:59:41
USR0158,2025-06-18 16:12:30
USR0044,2025-06-18 16:38:58
USR0057,2025-06-18 17:25:19
USR0171,2025-06-18 17:59:51
USR0078,2025-06-18 18:12:40
USR0164,2025-06-18 19:38:43
USR0091,2025-06-18 19:59:01
USR0099,2025-06-19 08:59:12
USR0006,2025-06-19 09:12:01
USR0185,2025-06-19 09:25:15
USR0206,2025-06-19 10:12:36
USR0105,2025-06-19 11:25:25
USR0219,2025-06-19 11:59:57
USR0126,2025-06-19 12:12:46
USR0012,2025-06-19 12:38:14
USR0139,2025-06-19 13:59:07
USR0046,2025-06-19 14:12:56
USR0225,2025-06-19 14:25:10
USR0119,2025-06-19 14:51:38
USR0246,2025-06-19 15:12:31
USR0132,2025-06-19 15:38:59
USR0059,2025-06-19 15:59:17
USR0166,2025-06-19 17:12:41
USR0239,2025-06-19 17:51:23
USR0065,2025-06-19 18:25:30
USR0252,2025-06-19 18:38:44
USR0179,2025-06-19 18:59:02
USR0094,2025-06-20 08:12:02
USR0167,2025-06-20 08:51:44
USR0180,2025-06-20 09:38:05
USR0107,2025-06-20 09:59:23
USR0014,2025-06-20 10:12:12
USR0193,2025-06-20 10:25:26
USR0027,2025-06-20 11:59:33
USR0113,2025-06-20 12:25:36
USR0227,2025-06-20 12:59:08
USR0134,2025-06-20 13:12:57
USR0033,2025-06-20 14:25:46
USR0054,2025-06-20 15:12:07
USR0233,2025-06-20 15:25:21
USR0254,2025-06-20 16:12:42
USR0140,2025-06-20 16:38:10
USR0067,2025-06-20 16:59:28
USR0047,2025-06-20 17:51:59
USR0174,2025-06-20 18:12:52
USR0060,2025-06-20 18:38:20
USR0073,2025-06-20 19:25:41
USR0187,2025-06-20 19:59:13
USR0196,2025-06-23 08:06:24
USR0103,2025-06-23 09:19:13
USR0116,2025-06-23 10:06:34
USR0002,2025-06-23 10:32:02
USR0202,2025-06-23 11:32:37
USR0036,2025-06-23 12:06:44
USR0223,2025-06-23 12:19:58
USR0109,2025-06-23 12:45:26
USR0236,2025-06-23 13:06:19
USR0122,2025-06-23 13:32:47
USR0016,2025-06-23 13:58:15
USR0143,2025-06-23 14:19:08
USR0156,2025-06-23 15:06:29
USR0042,2025-06-23 15:32:57
USR0229,2025-06-23 15:45:11
USR0063,2025-06-23 16:19:18
USR0242,2025-06-23 16:32:32
USR0136,2025-06-23 16:58:00
USR0076,2025-06-23 17:06:39
USR0162,2025-06-23 18:32:42
USR0183,2025-06-23 19:19:03
USR0256,2025-06-23 19:58:45
USR0004,2025-06-24 08:06:00
USR0191,2025-06-24 08:19:14
USR0077,2025-06-24 08:45:42
USR0204,2025-06-24 09:06:35
USR0111,2025-06-24 10:19:24
USR0184,2025-06-24 10:58:06
USR0124,2025-06-24 11:06:45
USR0010,2025-06-24 11:32:13
USR0197,2025-06-24 11:45:27
USR0031,2025-06-24 12:19:34
USR0044,2025-06-24 13:06:55
USR0231,2025-06-24 13:19:09
USR0244,2025-06-24 14:06:30
USR0130,2025-06-24 14:32:58
USR0037,2025-06-24 15:45:47
USR0164,2025-06-24 16:06:40
USR0050,2025-06-24 16:32:08
USR0071,2025-06-24 17:19:29
USR0250,2025-06-24 17:32:43
USR0084,2025-06-24 18:06:50
USR0170,2025-06-24 19:32:53
USR0064,2025-06-24 19:58:21
USR0178,2025-06-25 08:32:04
USR0012,2025-06-25 09:06:11
USR0199,2025-06-25 09:19:25
USR0212,2025-06-25 10:06:46
USR0098,2025-06-25 10:32:14
USR0119,2025-06-25 11:19:35
USR0005,2025-06-25 11:45:03
USR0132,2025-06-25 12:06:56
USR0205,2025-06-25 12:45:38
USR0039,2025-06-25 13:19:45
USR0112,2025-06-25 13:58:27
USR0052,2025-06-25 14:06:06
USR0239,2025-06-25 14:19:20
USR0125,2025-06-25 14:45:48
USR0252,2025-06-25 15:06:41
USR0138,2025-06-25 15:32:09
USR0159,2025-06-25 16:19:30
USR0232,2025-06-25 16:58:12
USR0172,2025-06-25 17:06:51
USR0058,2025-06-25 17:32:19
USR0245,2025-06-25 17:45:33
USR0079,2025-06-25 18:19:40
USR0092,2025-06-25 19:06:01
USR0100,2025-06-26 08:06:12
USR0173,2025-06-26 08:45:54
USR0007,2025-06-26 09:19:01
USR0186,2025-06-26 09:32:15
USR0020,2025-06-26 10:06:22
USR0207,2025-06-26 10:19:36
USR0220,2025-06-26 11:06:57
USR0106,2025-06-26 11:32:25
USR0127,2025-06-26 12:19:46
USR0013,2025-06-26 12:45:14
USR0140,2025-06-26 13:06:07
USR0047,2025-06-26 14:19:56
USR0226,2025-06-26 14:32:10
USR0060,2025-06-26 15:06:17
USR0247,2025-06-26 15:19:31
USR0133,2025-06-26 15:45:59
USR0040,2025-06-26 16:58:48
USR0167,2025-06-26 17:19:41
USR0053,2025-06-26 17:45:09
USR0180,2025-06-26 18:06:02
USR0066,2025-06-26 18:32:30
USR0253,2025-06-26 18:45:44
USR0095,2025-06-27 08:19:02
USR0108,2025-06-27 09:06:23
USR0181,2025-06-27 09:45:05
USR0015,2025-06-27 10:19:12
USR0194,2025-06-27 10:32:26
USR0028,2025-06-27 11:06:33
USR0101,2025-06-27 11:45:15
USR0228,2025-06-27 12:06:08
USR0114,2025-06-27 12:32:36
USR0135,2025-06-27 13:19:57
USR0208,2025-06-27 13:58:39
USR0148,2025-06-27 14:06:18
USR0034,2025-06-27 14:32:46
USR0055,2025-06-27 15:19:07
USR0234,2025-06-27 15:32:21
USR0068,2025-06-27 16:06:28
USR0255,2025-06-27 16:19:42
USR0175,2025-06-27 18:19:52
USR0061,2025-06-27 18:45:20
USR0188,2025-06-27 19:06:13
USR0074,2025-06-27 19:32:41
USR0197,2025-06-30 08:13:24
USR0169,2025-06-30 09:05:55
USR0104,2025-06-30 09:26:13
USR0117,2025-06-30 10:13:34
USR0003,2025-06-30 10:39:02
USR0190,2025-06-30 10:52:16
USR0203,2025-06-30 11:39:37
USR0037,2025-06-30 12:13:44
USR0224,2025-06-30 12:26:58
USR0237,2025-06-30 13:13:19
USR0123,2025-06-30 13:39:47
USR0144,2025-06-30 14:26:08
USR0157,2025-06-30 15:13:29
USR0043,2025-06-30 15:39:57
USR0064,2025-06-30 16:26:18
USR0243,2025-06-30 16:39:32
USR0077,2025-06-30 17:13:39
USR0049,2025-06-30 18:05:10
USR0163,2025-06-30 18:39:42
USR0184,2025-06-30 19:26:03
USR0070,2025-06-30 19:52:31
USR0005,2025-07-01 08:13:00
USR0192,2025-07-01 08:26:14
USR0078,2025-07-01 08:52:42
USR0205,2025-07-01 09:13:35
USR0112,2025-07-01 10:26:24
USR0125,2025-07-01 11:13:45
USR0011,2025-07-01 11:39:13
USR0198,2025-07-01 11:52:27
USR0097,2025-07-01 12:05:16
USR0032,2025-07-01 12:26:34
USR0045,2025-07-01 13:13:55
USR0232,2025-07-01 13:26:09
USR0118,2025-07-01 13:52:37
USR0245,2025-07-01 14:13:30
USR0131,2025-07-01 14:39:58
USR0165,2025-07-01 16:13:40
USR0051,2025-07-01 16:39:08
USR0238,2025-07-01 16:52:22
USR0072,2025-07-01 17:26:29
USR0251,2025-07-01 17:39:43
USR0171,2025-07-01 19:39:53
USR0179,2025-07-02 08:39:04
USR0013,2025-07-02 09:13:11
USR0200,2025-07-02 09:26:25
USR0099,2025-07-02 10:39:14
USR0120,2025-07-02 11:26:35
USR0006,2025-07-02 11:52:03
USR0133,2025-07-02 12:13:56
USR0040,2025-07-02 13:26:45
USR0053,2025-07-02 14:13:06
USR0240,2025-07-02 14:26:20
USR0126,2025-07-02 14:52:48
USR0253,2025-07-02 15:13:41
USR0139,2025-07-02 15:39:09
USR0160,2025-07-02 16:26:30
USR0046,2025-07-02 16:52:58
USR0173,2025-07-02 17:13:51
USR0059,2025-07-02 17:39:19
USR0246,2025-07-02 17:52:33
USR0080,2025-07-02 18:26:40
USR0093,2025-07-02 19:13:01
USR0166,2025-07-02 19:52:43
USR0101,2025-07-03 08:13:12
USR0174,2025-07-03 08:52:54
USR0073,2025-07-03 09:05:43
USR0008,2025-07-03 09:26:01
USR0187,2025-07-03 09:39:15
USR0208,2025-07-03 10:26:36
USR0221,2025-07-03 11:13:57
USR0107,2025-07-03 11:39:25
USR0193,2025-07-03 12:05:28
USR0128,2025-07-03 12:26:46
USR0141,2025-07-03 13:13:07
USR0048,2025-07-03 14:26:56
USR0227,2025-07-03 14:39:10
USR0061,2025-07-03 15:13:17
USR0248,2025-07-03 15:26:31
USR0168,2025-07-03 17:26:41
USR0054,2025-07-03 17:52:09
USR0181,2025-07-03 18:13:02
USR0067,2025-07-03 18:39:30
USR0096,2025-07-04 08:26:02
USR0109,2025-07-04 09:13:23
USR0016,2025-07-04 10:26:12
USR0195,2025-07-04 10:39:26
USR0029,2025-07-04 11:13:33
USR0102,2025-07-04 11:52:15
USR0001,2025-07-04 12:05:04
USR0229,2025-07-04 12:13:08
USR0115,2025-07-04 12:39:36
USR0136,2025-07-04 13:26:57
USR0035,2025-07-04 14:39:46
USR0121,2025-07-04 15:05:49
USR0056,2025-07-04 15:26:07
USR0235,2025-07-04 15:39:21
USR0069,2025-07-04 16:13:28
USR0256,2025-07-04 16:26:42
USR0142,2025-07-04 16:52:10
USR0241,2025-07-04 18:05:34
USR0176,2025-07-04 18:26:52
USR0189,2025-07-04 19:13:13
USR0075,2025-07-04 19:39:41
USR0198,2025-07-07 08:20:24
USR0097,2025-07-07 09:33:13
USR0118,2025-07-07 10:20:34
USR0004,2025-07-07 10:46:02
USR0191,2025-07-07 10:59:16
USR0204,2025-07-07 11:46:37
USR0038,2025-07-07 12:20:44
USR0217,2025-07-07 12:33:58
USR0111,2025-07-07 12:59:26
USR0238,2025-07-07 13:20:19
USR0124,2025-07-07 13:46:47
USR0137,2025-07-07 14:33:08
USR0158,2025-07-07 15:20:29
USR0044,2025-07-07 15:46:57
USR0231,2025-07-07 15:59:11
USR0057,2025-07-07 16:33:18
USR0244,2025-07-07 16:46:32
USR0078,2025-07-07 17:20:39
USR0164,2025-07-07 18:46:42
USR0177,2025-07-07 19:33:03
USR0071,2025-07-07 19:59:31
USR0006,2025-07-08 08:20:00
USR0185,2025-07-08 08:33:14
USR0206,2025-07-08 09:20:35
USR0105,2025-07-08 10:33:24
USR0126,2025-07-08 11:20:45
USR0012,2025-07-08 11:46:13
USR0025,2025-07-08 12:33:34
USR0046,2025-07-08 13:20:55
USR0225,2025-07-08 13:33:09
USR0119,2025-07-08 13:59:37
USR0246,2025-07-08 14:20:30
USR0132,2025-07-08 14:46:58
USR0039,2025-07-08 15:59:47
USR0166,2025-07-08 16:20:40
USR0052,2025-07-08 16:46:08
USR0239,2025-07-08 16:59:22
USR0138,2025-07-08 17:12:11
USR0065,2025-07-08 17:33:29
USR0252,2025-07-08 17:46:43
USR0172,2025-07-08 19:46:53
USR0066,2025-07-09 08:12:32
USR0180,2025-07-09 08:46:04
USR0014,2025-07-09 09:20:11
USR0193,2025-07-09 09:33:25
USR0100,2025-07-09 10:46:14
USR0186,2025-07-09 11:12:17
USR0113,2025-07-09 11:33:35
USR0134,2025-07-09 12:20:56
USR0207,2025-07-09 12:59:38
USR0033,2025-07-09 13:33:45
USR0054,2025-07-09 14:20:06
USR0233,2025-07-09 14:33:20
USR0254,2025-07-09 15:20:41
USR0140,2025-07-09 15:46:09
USR0153,2025-07-09 16:33:30
USR0047,2025-07-09 16:59:58
USR0174,2025-07-09 17:20:51
USR0060,2025-07-09 17:46:19
USR0073,2025-07-09 18:33:40
USR0094,2025-07-09 19:20:01
USR0167,2025-07-09 19:59:43
USR0102,2025-07-10 08:20:12
USR0001,2025-07-10 09:33:01
USR0188,2025-07-10 09:46:15
USR0201,2025-07-10 10:33:36
USR0222,2025-07-10 11:20:57
USR0108,2025-07-10 11:46:25
USR0121,2025-07-10 12:33:46
USR0015,2025-07-10 12:59:14
USR0142,2025-07-10 13:20:07
USR0114,2025-07-10 14:12:38
USR0041,2025-07-10 14:33:56
USR0228,2025-07-10 14:46:10
USR0062,2025-07-10 15:20:17
USR0241,2025-07-10 15:33:31
USR0135,2025-07-10 15:59:59
USR0234,2025-07-10 17:12:23
USR0161,2025-07-10 17:33:41
USR0182,2025-07-10 18:20:02
USR0068,2025-07-10 18:46:30
USR0255,2025-07-10 18:59:44
USR0162,2025-07-11 08:12:44
USR0089,2025-07-11 08:33:02
USR0110,2025-07-11 09:20:23
USR0183,2025-07-11 09:59:05
USR0009,2025-07-11 10:33:12
USR0196,2025-07-11 10:46:26
USR0030,2025-07-11 11:20:33
USR0230,2025-07-11 12:20:08
USR0116,2025-07-11 12:46:36
USR0129,2025-07-11 13:33:57
USR0036,2025-07-11 14:46:46
USR0049,2025-07-11 15:33:07
USR0236,2025-07-11 15:46:21
USR0070,2025-07-11 16:20:28
USR0249,2025-07-11 16:33:42
USR0143,2025-07-11 16:59:10
USR0042,2025-07-11 17:12:59
USR0169,2025-07-11 18:33:52
USR0063,2025-07-11 18:59:20
USR0190,2025-07-11 19:20:13
USR0076,2025-07-11 19:46:41
USR0094,2025-09-01 08:13:02
USR0107,2025-09-01 09:00:23
USR0014,2025-09-01 10:13:12
USR0193,2025-09-01 10:26:26
USR0027,2025-09-01 11:00:33
USR0100,2025-09-01 11:39:15
USR0227,2025-09-01 12:00:08
USR0113,2025-09-01 12:26:36
USR0007,2025-09-01 12:52:04
USR0134,2025-09-01 13:13:57
USR0147,2025-09-01 14:00:18
USR0033,2025-09-01 14:26:46
USR0054,2025-09-01 15:13:07
USR0233,2025-09-01 15:26:21
USR0127,2025-09-01 15:52:49
USR0067,2025-09-01 16:00:28
USR0254,2025-09-01 16:13:42
USR0140,2025-09-01 16:39:10
USR0174,2025-09-01 18:13:52
USR0247,2025-09-01 18:52:34
USR0187,2025-09-01 19:00:13
USR0073,2025-09-01 19:26:41
USR0195,2025-09-02 08:00:24
USR0102,2025-09-02 09:13:13
USR0175,2025-09-02 09:52:55
USR0115,2025-09-02 10:00:34
USR0001,2025-09-02 10:26:02
USR0188,2025-09-02 10:39:16
USR0201,2025-09-02 11:26:37
USR0035,2025-09-02 12:00:44
USR0222,2025-09-02 12:13:58
USR0235,2025-09-02 13:00:19
USR0121,2025-09-02 13:26:47
USR0142,2025-09-02 14:13:08
USR0155,2025-09-02 15:00:29
USR0041,2025-09-02 15:26:57
USR0062,2025-09-02 16:13:18
USR0241,2025-09-02 16:26:32
USR0075,2025-09-02 17:00:39
USR0161,2025-09-02 18:26:42
USR0055,2025-09-02 18:52:10
USR0182,2025-09-02 19:13:03
USR0068,2025-09-02 19:39:31
USR0003,2025-09-03 08:00:00
USR0190,2025-09-03 08:13:14
USR0076,2025-09-03 08:39:42
USR0203,2025-09-03 09:00:35
USR0110,2025-09-03 10:13:24
USR0123,2025-09-03 11:00:45
USR0009,2025-09-03 11:26:13
USR0196,2025-09-03 11:39:27
USR0030,2025-09-03 12:13:34
USR0103,2025-09-03 12:52:16
USR0043,2025-09-03 13:00:55
USR0230,2025-09-03 13:13:09
USR0116,2025-09-03 13:39:37
USR0243,2025-09-03 14:00:30
USR0129,2025-09-03 14:26:58
USR0163,2025-09-03 16:00:40
USR0049,2025-09-03 16:26:08
USR0236,2025-09-03 16:39:22
USR0070,2025-09-03 17:13:29
USR0249,2025-09-03 17:26:43
USR0083,2025-09-03 18:00:50
USR0169,2025-09-03 19:26:53
USR0177,2025-09-04 08:26:04
USR0011,2025-09-04 09:00:11
USR0198,2025-09-04 09:13:25
USR0211,2025-09-04 10:00:46
USR0097,2025-09-04 10:26:14
USR0118,2025-09-04 11:13:35
USR0004,2025-09-04 11:39:03
USR0131,2025-09-04 12:00:56
USR0038,2025-09-04 13:13:45
USR0051,2025-09-04 14:00:06
USR0238,2025-09-04 14:13:20
USR0124,2025-09-04 14:39:48
USR0251,2025-09-04 15:00:41
USR0137,2025-09-04 15:26:09
USR0158,2025-09-04 16:13:30
USR0044,2025-09-04 16:39:58
USR0171,2025-09-04 17:00:51
USR0057,2025-09-04 17:26:19
USR0244,2025-09-04 17:39:33
USR0078,2025-09-04 18:13:40
USR0091,2025-09-04 19:00:01
USR0164,2025-09-04 19:39:43
USR0099,2025-09-05 08:00:12
USR0172,2025-09-05 08:39:54
USR0006,2025-09-05 09:13:01
USR0185,2025-09-05 09:26:15
USR0079,2025-09-05 09:52:43
USR0019,2025-09-05 10:00:22
USR0206,2025-09-05 10:13:36
USR0219,2025-09-05 11:00:57
USR0105,2025-09-05 11:26:25
USR0126,2025-09-05 12:13:46
USR0199,2025-09-05 12:52:28
USR0139,2025-09-05 13:00:07
USR0046,2025-09-05 14:13:56
USR0225,2025-09-05 14:26:10
USR0059,2025-09-05 15:00:17
USR0246,2025-09-05 15:13:31
USR0166,2025-09-05 17:13:41
USR0052,2025-09-05 17:39:09
USR0179,2025-09-05 18:00:02
USR0065,2025-09-05 18:26:30
USR0095,2025-09-08 08:20:02
USR0168,2025-09-08 08:59:44
USR0108,2025-09-08 09:07:23
USR0181,2025-09-08 09:46:05
USR0015,2025-09-08 10:20:12
USR0194,2025-09-08 10:33:26
USR0028,2025-09-08 11:07:33
USR0228,2025-09-08 12:07:08
USR0114,2025-09-08 12:33:36
USR0135,2025-09-08 13:20:57
USR0034,2025-09-08 14:33:46
USR0055,2025-09-08 15:20:07
USR0234,2025-09-08 15:33:21
USR0068,2025-09-08 16:07:28
USR0255,2025-09-08 16:20:42
USR0141,2025-09-08 16:46:10
USR0048,2025-09-08 17:59:59
USR0175,2025-09-08 18:20:52
USR0061,2025-09-08 18:46:20
USR0188,2025-09-08 19:07:13
USR0074,2025-09-08 19:33:41
USR0196,2025-09-09 08:07:24
USR0103,2025-09-09 09:20:13
USR0116,2025-09-09 10:07:34
USR0002,2025-09-09 10:33:02
USR0189,2025-09-09 10:46:16
USR0202,2025-09-09 11:33:37
USR0036,2025-09-09 12:07:44
USR0223,2025-09-09 12:20:58
USR0109,2025-09-09 12:46:26
USR0236,2025-09-09 13:07:19
USR0122,2025-09-09 13:33:47
USR0143,2025-09-09 14:20:08
USR0156,2025-09-09 15:07:29
USR0042,2025-09-09 15:33:57
USR0229,2025-09-09 15:46:11
USR0063,2025-09-09 16:20:18
USR0242,2025-09-09 16:33:32
USR0076,2025-09-09 17:07:39
USR0162,2025-09-09 18:33:42
USR0183,2025-09-09 19:20:03
USR0069,2025-09-09 19:46:31
USR0004,2025-09-10 08:07:00
USR0191,2025-09-10 08:20:14
USR0204,2025-09-10 09:07:35
USR0111,2025-09-10 10:20:24
USR0124,2025-09-10 11:07:45
USR0010,2025-09-10 11:33:13
USR0031,2025-09-10 12:20:34
USR0044,2025-09-10 13:07:55
USR0231,2025-09-10 13:20:09
USR0117,2025-09-10 13:46:37
USR0244,2025-09-10 14:07:30
USR0130,2025-09-10 14:33:58
USR0037,2025-09-10 15:46:47
USR0164,2025-09-10 16:07:40
USR0050,2025-09-10 16:33:08
USR0237,2025-09-10 16:46:22
USR0071,2025-09-10 17:20:29
USR0250,2025-09-10 17:33:43
USR0144,2025-09-10 17:59:11
USR0170,2025-09-10 19:33:53
USR0178,2025-09-11 08:33:04
USR0072,2025-09-11 08:59:32
USR0012,2025-09-11 09:07:11
USR0199,2025-09-11 09:20:25
USR0098,2025-09-11 10:33:14
USR0119,2025-09-11 11:20:35
USR0192,2025-09-11 11:59:17
USR0132,2025-09-11 12:07:56
USR0205,2025-09-11 12:46:38
USR0039,2025-09-11 13:20:45
USR0052,2025-09-11 14:07:06
USR0239,2025-09-11 14:20:20
USR0252,2025-09-11 15:07:41
USR0138,2025-09-11 15:33:09
USR0159,2025-09-11 16:20:30
USR0045,2025-09-11 16:46:58
USR0172,2025-09-11 17:07:51
USR0058,2025-09-11 17:33:19
USR0079,2025-09-11 18:20:40
USR0092,2025-09-11 19:07:01
USR0165,2025-09-11 19:46:43
USR0100,2025-09-12 08:07:12
USR0007,2025-09-12 09:20:01
USR0186,2025-09-12 09:33:15
USR0207,2025-09-12 10:20:36
USR0220,2025-09-12 11:07:57
USR0106,2025-09-12 11:33:25
USR0127,2025-09-12 12:20:46
USR0013,2025-09-12 12:46:14
USR0140,2025-09-12 13:07:07
USR0047,2025-09-12 14:20:56
USR0226,2025-09-12 14:33:10
USR0120,2025-09-12 14:59:38
USR0060,2025-09-12 15:07:17
USR0247,2025-09-12 15:20:31
USR0133,2025-09-12 15:46:59
USR0167,2025-09-12 17:20:41
USR0240,2025-09-12 17:59:23
USR0180,2025-09-12 18:07:02
USR0066,2025-09-12 18:33:30
USR0253,2025-09-12 18:46:44
USR0096,2025-09-15 08:27:02
USR0109,2025-09-15 09:14:23
USR0182,2025-09-15 09:53:05
USR0016,2025-09-15 10:27:12
USR0195,2025-09-15 10:40:26
USR0029,2025-09-15 11:14:33
USR0102,2025-09-15 11:53:15
USR0229,2025-09-15 12:14:08
USR0115,2025-09-15 12:40:36
USR0201,2025-09-15 13:06:39
USR0136,2025-09-15 13:27:57
USR0035,2025-09-15 14:40:46
USR0056,2025-09-15 15:27:07
USR0235,2025-09-15 15:40:21
USR0069,2025-09-15 16:14:28
USR0256,2025-09-15 16:27:42
USR0176,2025-09-15 18:27:52
USR0062,2025-09-15 18:53:20
USR0189,2025-09-15 19:14:13
USR0075,2025-09-15 19:40:41
USR0197,2025-09-16 08:14:24
USR0104,2025-09-16 09:27:13
USR0117,2025-09-16 10:14:34
USR0003,2025-09-16 10:40:02
USR0203,2025-09-16 11:40:37
USR0037,2025-09-16 12:14:44
USR0224,2025-09-16 12:27:58
USR0110,2025-09-16 12:53:26
USR0009,2025-09-16 13:06:15
USR0237,2025-09-16 13:14:19
USR0123,2025-09-16 13:40:47
USR0144,2025-09-16 14:27:08
USR0157,2025-09-16 15:14:29
USR0043,2025-09-16 15:40:57
USR0230,2025-09-16 15:53:11
USR0129,2025-09-16 16:06:00
USR0064,2025-09-16 16:27:18
USR0243,2025-09-16 16:40:32
USR0077,2025-09-16 17:14:39
USR0163,2025-09-16 18:40:42
USR0249,2025-09-16 19:06:45
USR0184,2025-09-16 19:27:03
USR0005,2025-09-17 08:14:00
USR0192,2025-09-17 08:27:14
USR0078,2025-09-17 08:53:42
USR0205,2025-09-17 09:14:35
USR0177,2025-09-17 10:06:06
USR0112,2025-09-17 10:27:24
USR0125,2025-09-17 11:14:45
USR0011,2025-09-17 11:40:13
USR0198,2025-09-17 11:53:27
USR0032,2025-09-17 12:27:34
USR0045,2025-09-17 13:14:55
USR0232,2025-09-17 13:27:09
USR0245,2025-09-17 14:14:30
USR0131,2025-09-17 14:40:58
USR0038,2025-09-17 15:53:47
USR0165,2025-09-17 16:14:40
USR0051,2025-09-17 16:40:08
USR0072,2025-09-17 17:27:29
USR0251,2025-09-17 17:40:43
USR0057,2025-09-17 19:06:21
USR0171,2025-09-17 19:40:53
USR0179,2025-09-18 08:40:04
USR0013,2025-09-18 09:14:11
USR0200,2025-09-18 09:27:25
USR0099,2025-09-18 10:40:14
USR0120,2025-09-18 11:27:35
USR0006,2025-09-18 11:53:03
USR0133,2025-09-18 12:14:56
USR0206,2025-09-18 12:53:38
USR0105,2025-09-18 13:06:27
USR0040,2025-09-18 13:27:45
USR0053,2025-09-18 14:14:06
USR0240,2025-09-18 14:27:20
USR0126,2025-09-18 14:53:48
USR0253,2025-09-18 15:14:41
USR0139,2025-09-18 15:40:09
USR0225,2025-09-18 16:06:12
USR0160,2025-09-18 16:27:30
USR0173,2025-09-18 17:14:51
USR0059,2025-09-18 17:40:19
USR0246,2025-09-18 17:53:33
USR0080,2025-09-18 18:27:40
USR0093,2025-09-18 19:14:01
USR0101,2025-09-19 08:14:12
USR0174,2025-09-19 08:53:54
USR0008,2025-09-19 09:27:01
USR0187,2025-09-19 09:40:15
USR0208,2025-09-19 10:27:36
USR0221,2025-09-19 11:14:57
USR0107,2025-09-19 11:40:25
USR0128,2025-09-19 12:27:46
USR0014,2025-09-19 12:53:14
USR0141,2025-09-19 13:14:07
USR0048,2025-09-19 14:27:56
USR0227,2025-09-19 14:40:10
USR0061,2025-09-19 15:14:17
USR0248,2025-09-19 15:27:31
USR0134,2025-09-19 15:53:59
USR0033,2025-09-19 16:06:48
USR0168,2025-09-19 17:27:41
USR0054,2025-09-19 17:53:09
USR0181,2025-09-19 18:14:02
USR0067,2025-09-19 18:40:30
USR0254,2025-09-19 18:53:44
USR0089,2025-09-22 08:34:02
USR0110,2025-09-22 09:21:23
USR0009,2025-09-22 10:34:12
USR0196,2025-09-22 10:47:26
USR0103,2025-09-22 11:00:15
USR0030,2025-09-22 11:21:33
USR0002,2025-09-22 12:13:04
USR0230,2025-09-22 12:21:08
USR0116,2025-09-22 12:47:36
USR0129,2025-09-22 13:34:57
USR0150,2025-09-22 14:21:18
USR0036,2025-09-22 14:47:46
USR0122,2025-09-22 15:13:49
USR0049,2025-09-22 15:34:07
USR0236,2025-09-22 15:47:21
USR0143,2025-09-22 16:00:10
USR0070,2025-09-22 16:21:28
USR0249,2025-09-22 16:34:42
USR0242,2025-09-22 18:13:34
USR0169,2025-09-22 18:34:52
USR0190,2025-09-22 19:21:13
USR0076,2025-09-22 19:47:41
USR0198,2025-09-23 08:21:24
USR0170,2025-09-23 09:13:55
USR0097,2025-09-23 09:34:13
USR0191,2025-09-23 10:00:16
USR0118,2025-09-23 10:21:34
USR0004,2025-09-23 10:47:02
USR0204,2025-09-23 11:47:37
USR0038,2025-09-23 12:21:44
USR0217,2025-09-23 12:34:58
USR0238,2025-09-23 13:21:19
USR0124,2025-09-23 13:47:47
USR0137,2025-09-23 14:34:08
USR0158,2025-09-23 15:21:29
USR0044,2025-09-23 15:47:57
USR0057,2025-09-23 16:34:18
USR0244,2025-09-23 16:47:32
USR0078,2025-09-23 17:21:39
USR0050,2025-09-23 18:13:10
USR0164,2025-09-23 18:47:42
USR0071,2025-09-23 19:00:31
USR0177,2025-09-23 19:34:03
USR0079,2025-09-24 08:00:42
USR0006,2025-09-24 08:21:00
USR0185,2025-09-24 08:34:14
USR0206,2025-09-24 09:21:35
USR0105,2025-09-24 10:34:24
USR0199,2025-09-24 11:00:27
USR0126,2025-09-24 11:21:45
USR0012,2025-09-24 11:47:13
USR0098,2025-09-24 12:13:16
USR0025,2025-09-24 12:34:34
USR0119,2025-09-24 13:00:37
USR0046,2025-09-24 13:21:55
USR0225,2025-09-24 13:34:09
USR0246,2025-09-24 14:21:30
USR0132,2025-09-24 14:47:58
USR0239,2025-09-24 16:00:22
USR0166,2025-09-24 16:21:40
USR0052,2025-09-24 16:47:08
USR0065,2025-09-24 17:34:29
USR0252,2025-09-24 17:47:43
USR0086,2025-09-24 18:21:50
USR0172,2025-09-24 19:47:53
USR0180,2025-09-25 08:47:04
USR0014,2025-09-25 09:21:11
USR0193,2025-09-25 09:34:25
USR0214,2025-09-25 10:21:46
USR0100,2025-09-25 10:47:14
USR0007,2025-09-25 11:00:03
USR0113,2025-09-25 11:34:35
USR0134,2025-09-25 12:21:56
USR0033,2025-09-25 13:34:45
USR0127,2025-09-25 14:00:48
USR0054,2025-09-25 14:21:06
USR0233,2025-09-25 14:34:20
USR0254,2025-09-25 15:21:41
USR0140,2025-09-25 15:47:09
USR0047,2025-09-25 16:00:58
USR0153,2025-09-25 16:34:30
USR0247,2025-09-25 17:00:33
USR0174,2025-09-25 17:21:51
USR0060,2025-09-25 17:47:19
USR0073,2025-09-25 18:34:40
USR0167,2025-09-25 19:00:43
USR0094,2025-09-25 19:21:01
USR0175,2025-09-26 08:00:54
USR0102,2025-09-26 08:21:12
USR0074,2025-09-26 09:13:43
USR0001,2025-09-26 09:34:01
USR0188,2025-09-26 09:47:15
USR0022,2025-09-26 10:21:22
USR0201,2025-09-26 10:34:36
USR0222,2025-09-26 11:21:57
USR0108,2025-09-26 11:47:25
USR0194,2025-09-26 12:13:28
USR0121,2025-09-26 12:34:46
USR0142,2025-09-26 13:21:07
USR0041,2025-09-26 14:34:56
USR0228,2025-09-26 14:47:10
USR0062,2025-09-26 15:21:17
USR0241,2025-09-26 15:34:31
USR0055,2025-09-26 17:00:09
USR0161,2025-09-26 17:34:41
USR0182,2025-09-26 18:21:02
USR0068,2025-09-26 18:47:30
USR0163,2025-09-29 08:20:44
USR0090,2025-09-29 08:41:02
USR0184,2025-09-29 09:07:05
USR0111,2025-09-29 09:28:23
USR0010,2025-09-29 10:41:12
USR0197,2025-09-29 10:54:26
USR0031,2025-09-29 11:28:33
USR0231,2025-09-29 12:28:08
USR0117,2025-09-29 12:54:36
USR0130,2025-09-29 13:41:57
USR0037,2025-09-29 14:54:46
USR0050,2025-09-29 15:41:07
USR0237,2025-09-29 15:54:21
USR0144,2025-09-29 16:07:10
USR0071,2025-09-29 16:28:28
USR0250,2025-09-29 16:41:42
USR0043,2025-09-29 17:20:59
USR0064,2025-09-29 18:07:20
USR0170,2025-09-29 18:41:52
USR0191,2025-09-29 19:28:13
USR0077,2025-09-29 19:54:41
USR0199,2025-09-30 08:28:24
USR0098,2025-09-30 09:41:13
USR0192,2025-09-30 10:07:16
USR0119,2025-09-30 10:28:34
USR0005,2025-09-30 10:54:02
USR0205,2025-09-30 11:54:37
USR0112,2025-09-30 12:07:26
USR0039,2025-09-30 12:28:44
USR0218,2025-09-30 12:41:58
USR0239,2025-09-30 13:28:19
USR0125,2025-09-30 13:54:47
USR0138,2025-09-30 14:41:08
USR0232,2025-09-30 15:07:11
USR0159,2025-09-30 15:28:29
USR0045,2025-09-30 15:54:57
USR0058,2025-09-30 16:41:18
USR0245,2025-09-30 16:54:32
USR0079,2025-09-30 17:28:39
USR0165,2025-09-30 18:54:42
USR0072,2025-09-30 19:07:31
USR0178,2025-09-30 19:41:03
USR0007,2025-10-01 08:28:00
USR0186,2025-10-01 08:41:14
USR0207,2025-10-01 09:28:35
USR0106,2025-10-01 10:41:24
USR0127,2025-10-01 11:28:45
USR0013,2025-10-01 11:54:13
USR0026,2025-10-01 12:41:34
USR0120,2025-10-01 13:07:37
USR0047,2025-10-01 13:28:55
USR0226,2025-10-01 13:41:09
USR0247,2025-10-01 14:28:30
USR0133,2025-10-01 14:54:58
USR0040,2025-10-01 15:07:47
USR0240,2025-10-01 16:07:22
USR0167,2025-10-01 16:28:40
USR0053,2025-10-01 16:54:08
USR0139,2025-10-01 17:20:11
USR0066,2025-10-01 17:41:29
USR0253,2025-10-01 17:54:43
USR0173,2025-10-01 19:54:53
USR0067,2025-10-02 08:20:32
USR0181,2025-10-02 08:54:04
USR0015,2025-10-02 09:28:11
USR0194,2025-10-02 09:41:25
USR0101,2025-10-02 10:54:14
USR0187,2025-10-02 11:20:17
USR0114,2025-10-02 11:41:35
USR0208,2025-10-02 12:07:38
USR0135,2025-10-02 12:28:56
USR0034,2025-10-02 13:41:45
USR0055,2025-10-02 14:28:06
USR0234,2025-10-02 14:41:20
USR0255,2025-10-02 15:28:41
USR0141,2025-10-02 15:54:09
USR0048,2025-10-02 16:07:58
USR0154,2025-10-02 16:41:30
USR0175,2025-10-02 17:28:51
USR0061,2025-10-02 17:54:19
USR0074,2025-10-02 18:41:40
USR0168,2025-10-02 19:07:43
USR0095,2025-10-02 19:28:01
USR0103,2025-10-03 08:28:12
USR0002,2025-10-03 09:41:01
USR0189,2025-10-03 09:54:15
USR0202,2025-10-03 10:41:36
USR0223,2025-10-03 11:28:57
USR0109,2025-10-03 11:54:25
USR0016,2025-10-03 12:07:14
USR0122,2025-10-03 12:41:46
USR0143,2025-10-03 13:28:07
USR0115,2025-10-03 14:20:38
USR0042,2025-10-03 14:41:56
USR0229,2025-10-03 14:54:10
USR0136,2025-10-03 15:07:59
USR0063,2025-10-03 15:28:17
USR0242,2025-10-03 15:41:31
USR0235,2025-10-03 17:20:23
USR0162,2025-10-03 17:41:41
USR0256,2025-10-03 18:07:44
USR0183,2025-10-03 18:28:02
USR0069,2025-10-03 18:54:30
USR0091,2025-10-06 08:48:02
USR0177,2025-10-06 09:14:05
USR0112,2025-10-06 09:35:23
USR0198,2025-10-06 10:01:26
USR0011,2025-10-06 10:48:12
USR0097,2025-10-06 11:14:15
USR0032,2025-10-06 11:35:33
USR0118,2025-10-06 12:01:36
USR0232,2025-10-06 12:35:08
USR0204,2025-10-06 13:27:39
USR0131,2025-10-06 13:48:57
USR0038,2025-10-06 14:01:46
USR0238,2025-10-06 15:01:21
USR0051,2025-10-06 15:48:07
USR0072,2025-10-06 16:35:28
USR0251,2025-10-06 16:48:42
USR0057,2025-10-06 18:14:20
USR0171,2025-10-06 18:48:52
USR0078,2025-10-06 19:01:41
USR0192,2025-10-06 19:35:13
USR0200,2025-10-07 08:35:24
USR0099,2025-10-07 09:48:13
USR0006,2025-10-07 10:01:02
USR0120,2025-10-07 10:35:34
USR0206,2025-10-07 11:01:37
USR0105,2025-10-07 12:14:26
USR0040,2025-10-07 12:35:44
USR0219,2025-10-07 12:48:58
USR0126,2025-10-07 13:01:47
USR0012,2025-10-07 13:27:15
USR0240,2025-10-07 13:35:19
USR0139,2025-10-07 14:48:08
USR0046,2025-10-07 15:01:57
USR0225,2025-10-07 15:14:11
USR0160,2025-10-07 15:35:29
USR0246,2025-10-07 16:01:32
USR0132,2025-10-07 16:27:00
USR0059,2025-10-07 16:48:18
USR0080,2025-10-07 17:35:39
USR0166,2025-10-07 18:01:42
USR0252,2025-10-07 19:27:45
USR0179,2025-10-07 19:48:03
USR0073,2025-10-08 08:14:42
USR0008,2025-10-08 08:35:00
USR0187,2025-10-08 08:48:14
USR0208,2025-10-08 09:35:35
USR0180,2025-10-08 10:27:06
USR0107,2025-10-08 10:48:24
USR0014,2025-10-08 11:01:13
USR0193,2025-10-08 11:14:27
USR0128,2025-10-08 11:35:45
USR0027,2025-10-08 12:48:34
USR0048,2025-10-08 13:35:55
USR0227,2025-10-08 13:48:09
USR0134,2025-10-08 14:01:58
USR0248,2025-10-08 14:35:30
USR0033,2025-10-08 15:14:47
USR0054,2025-10-08 16:01:08
USR0168,2025-10-08 16:35:40
USR0254,2025-10-08 17:01:43
USR0067,2025-10-08 17:48:29
USR0174,2025-10-08 19:01:53
USR0060,2025-10-08 19:27:21
USR0182,2025-10-09 08:01:04
USR0016,2025-10-09 09:35:11
USR0195,2025-10-09 09:48:25
USR0102,2025-10-09 10:01:14
USR0001,2025-10-09 11:14:03
USR0115,2025-10-09 11:48:35
USR0201,2025-10-09 12:14:38
USR0136,2025-10-09 12:35:56
USR0108,2025-10-09 13:27:27
USR0035,2025-10-09 13:48:45
USR0121,2025-10-09 14:14:48
USR0056,2025-10-09 14:35:06
USR0235,2025-10-09 14:48:20
USR0142,2025-10-09 15:01:09
USR0256,2025-10-09 15:35:41
USR0228,2025-10-09 16:27:12
USR0155,2025-10-09 16:48:30
USR0062,2025-10-09 17:01:19
USR0241,2025-10-09 17:14:33
USR0176,2025-10-09 17:35:51
USR0075,2025-10-09 18:48:40
USR0096,2025-10-09 19:35:01
USR0169,2025-10-10 08:14:54
USR0104,2025-10-10 08:35:12
USR0190,2025-10-10 09:01:15
USR0003,2025-10-10 09:48:01
USR0203,2025-10-10 10:48:36
USR0110,2025-10-10 11:01:25
USR0224,2025-10-10 11:35:57
USR0009,2025-10-10 12:14:14
USR0123,2025-10-10 12:48:46
USR0144,2025-10-10 13:35:07
USR0230,2025-10-10 14:01:10
USR0043,2025-10-10 14:48:56
USR0129,2025-10-10 15:14:59
USR0064,2025-10-10 15:35:17
USR0243,2025-10-10 15:48:31
USR0036,2025-10-10 16:27:48
USR0049,2025-10-10 17:14:09
USR0163,2025-10-10 17:48:41
USR0070,2025-10-10 18:01:30
USR0249,2025-10-10 18:14:44
USR0184,2025-10-10 18:35:02
USR0092,2025-10-13 08:55:02
USR0105,2025-10-13 09:42:23
USR0199,2025-10-13 10:08:26
USR0012,2025-10-13 10:55:12
USR0098,2025-10-13 11:21:15
USR0025,2025-10-13 11:42:33
USR0119,2025-10-13 12:08:36
USR0005,2025-10-13 12:34:04
USR0225,2025-10-13 12:42:08
USR0132,2025-10-13 13:55:57
USR0039,2025-10-13 14:08:46
USR0145,2025-10-13 14:42:18
USR0239,2025-10-13 15:08:21
USR0125,2025-10-13 15:34:49
USR0052,2025-10-13 15:55:07
USR0138,2025-10-13 16:21:10
USR0065,2025-10-13 16:42:28
USR0252,2025-10-13 16:55:42
USR0245,2025-10-13 18:34:34
USR0172,2025-10-13 18:55:52
USR0079,2025-10-13 19:08:41
USR0185,2025-10-13 19:42:13
USR0193,2025-10-14 08:42:24
USR0173,2025-10-14 09:34:55
USR0100,2025-10-14 09:55:13
USR0007,2025-10-14 10:08:02
USR0186,2025-10-14 10:21:16
USR0113,2025-10-14 10:42:34
USR0207,2025-10-14 11:08:37
USR0033,2025-10-14 12:42:44
USR0220,2025-10-14 12:55:58
USR0127,2025-10-14 13:08:47
USR0233,2025-10-14 13:42:19
USR0140,2025-10-14 14:55:08
USR0047,2025-10-14 15:08:57
USR0153,2025-10-14 15:42:29
USR0247,2025-10-14 16:08:32
USR0060,2025-10-14 16:55:18
USR0073,2025-10-14 17:42:39
USR0167,2025-10-14 18:08:42
USR0053,2025-10-14 18:34:10
USR0066,2025-10-14 19:21:31
USR0180,2025-10-14 19:55:03
USR0074,2025-10-15 08:21:42
USR0001,2025-10-15 08:42:00
USR0188,2025-10-15 08:55:14
USR0201,2025-10-15 09:42:35
USR0108,2025-10-15 10:55:24
USR0015,2025-10-15 11:08:13
USR0194,2025-10-15 11:21:27
USR0121,2025-10-15 11:42:45
USR0101,2025-10-15 12:34:16
USR0028,2025-10-15 12:55:34
USR0114,2025-10-15 13:21:37
USR0041,2025-10-15 13:42:55
USR0228,2025-10-15 13:55:09
USR0135,2025-10-15 14:08:58
USR0241,2025-10-15 14:42:30
USR0055,2025-10-15 16:08:08
USR0234,2025-10-15 16:21:22
USR0161,2025-10-15 16:42:40
USR0255,2025-10-15 17:08:43
USR0068,2025-10-15 17:55:29
USR0081,2025-10-15 18:42:50
USR0175,2025-10-15 19:08:53
USR0183,2025-10-16 08:08:04
USR0009,2025-10-16 09:42:11
USR0196,2025-10-16 09:55:25
USR0103,2025-10-16 10:08:14
USR0209,2025-10-16 10:42:46
USR0002,2025-10-16 11:21:03
USR0116,2025-10-16 11:55:35
USR0129,2025-10-16 12:42:56
USR0036,2025-10-16 13:55:45
USR0122,2025-10-16 14:21:48
USR0049,2025-10-16 14:42:06
USR0236,2025-10-16 14:55:20
USR0143,2025-10-16 15:08:09
USR0249,2025-10-16 15:42:41
USR0042,2025-10-16 16:21:58
USR0156,2025-10-16 16:55:30
USR0063,2025-10-16 17:08:19
USR0242,2025-10-16 17:21:33
USR0169,2025-10-16 17:42:51
USR0076,2025-10-16 18:55:40
USR0162,2025-10-16 19:21:43
USR0089,2025-10-16 19:42:01
USR0170,2025-10-17 08:21:54
USR0097,2025-10-17 08:42:12
USR0191,2025-10-17 09:08:15
USR0077,2025-10-17 09:34:43
USR0004,2025-10-17 09:55:01
USR0017,2025-10-17 10:42:22
USR0204,2025-10-17 10:55:36
USR0111,2025-10-17 11:08:25
USR0217,2025-10-17 11:42:57
USR0197,2025-10-17 12:34:28
USR0124,2025-10-17 12:55:46
USR0137,2025-10-17 13:42:07
USR0231,2025-10-17 14:08:10
USR0044,2025-10-17 14:55:56
USR0057,2025-10-17 15:42:17
USR0244,2025-10-17 15:55:31
USR0050,2025-10-17 17:21:09
USR0164,2025-10-17 17:55:41
USR0071,2025-10-17 18:08:30
USR0177,2025-10-17 18:42:02
USR0093,2025-10-20 08:02:02
USR0166,2025-10-20 08:41:44
USR0179,2025-10-20 09:28:05
USR0106,2025-10-20 09:49:23
USR0013,2025-10-20 10:02:12
USR0200,2025-10-20 10:15:26
USR0026,2025-10-20 11:49:33
USR0120,2025-10-20 12:15:36
USR0226,2025-10-20 12:49:08
USR0133,2025-10-20 13:02:57
USR0040,2025-10-20 14:15:46
USR0053,2025-10-20 15:02:07
USR0240,2025-10-20 15:15:21
USR0253,2025-10-20 16:02:42
USR0139,2025-10-20 16:28:10
USR0066,2025-10-20 16:49:28
USR0046,2025-10-20 17:41:59
USR0173,2025-10-20 18:02:52
USR0059,2025-10-20 18:28:20
USR0080,2025-10-20 19:15:41
USR0186,2025-10-20 19:49:13
USR0194,2025-10-21 08:49:24
USR0101,2025-10-21 09:02:13
USR0008,2025-10-21 10:15:02
USR0187,2025-10-21 10:28:16
USR0114,2025-10-21 10:49:34
USR0208,2025-10-21 11:15:37
USR0221,2025-10-21 12:02:58
USR0107,2025-10-21 12:28:26
USR0034,2025-10-21 12:49:44
USR0128,2025-10-21 13:15:47
USR0234,2025-10-21 13:49:19
USR0141,2025-10-21 14:02:08
USR0048,2025-10-21 15:15:57
USR0227,2025-10-21 15:28:11
USR0154,2025-10-21 15:49:29
USR0061,2025-10-21 16:02:18
USR0248,2025-10-21 16:15:32
USR0074,2025-10-21 17:49:39
USR0168,2025-10-21 18:15:42
USR0181,2025-10-21 19:02:03
USR0067,2025-10-21 19:28:31
USR0189,2025-10-22 08:02:14
USR0002,2025-10-22 08:49:00
USR0202,2025-10-22 09:49:35
USR0109,2025-10-22 10:02:24
USR0016,2025-10-22 11:15:13
USR0122,2025-10-22 11:49:45
USR0029,2025-10-22 12:02:34
USR0229,2025-10-22 13:02:09
USR0115,2025-10-22 13:28:37
USR0042,2025-10-22 13:49:55
USR0136,2025-10-22 14:15:58
USR0242,2025-10-22 14:49:30
USR0035,2025-10-22 15:28:47
USR0056,2025-10-22 16:15:08
USR0235,2025-10-22 16:28:22
USR0162,2025-10-22 16:49:40
USR0069,2025-10-22 17:02:29
USR0256,2025-10-22 17:15:43
USR0142,2025-10-22 17:41:11
USR0176,2025-10-22 19:15:53
USR0184,2025-10-23 08:15:04
USR0070,2025-10-23 08:41:32
USR0197,2025-10-23 09:02:25
USR0010,2025-10-23 09:49:11
USR0104,2025-10-23 10:15:14
USR0117,2025-10-23 11:02:35
USR0190,2025-10-23 11:41:17
USR0203,2025-10-23 12:28:38
USR0130,2025-10-23 12:49:56
USR0037,2025-10-23 13:02:45
USR0237,2025-10-23 14:02:20
USR0050,2025-10-23 14:49:06
USR0144,2025-10-23 15:15:09
USR0250,2025-10-23 15:49:41
USR0157,2025-10-23 16:02:30
USR0043,2025-10-23 16:28:58
USR0064,2025-10-23 17:15:19
USR0170,2025-10-23 17:49:51
USR0077,2025-10-23 18:02:40
USR0163,2025-10-23 19:28:43
USR0090,2025-10-23 19:49:01
USR0098,2025-10-24 08:49:12
USR0005,2025-10-24 09:02:01
USR0192,2025-10-24 09:15:15
USR0205,2025-10-24 10:02:36
USR0112,2025-10-24 11:15:25
USR0218,2025-10-24 11:49:57
USR0125,2025-10-24 12:02:46
USR0011,2025-10-24 12:28:14
USR0138,2025-10-24 13:49:07
USR0045,2025-10-24 14:02:56
USR0232,2025-10-24 14:15:10
USR0118,2025-10-24 14:41:38
USR0245,2025-10-24 15:02:31
USR0131,2025-10-24 15:28:59
USR0058,2025-10-24 15:49:17
USR0165,2025-10-24 17:02:41
USR0238,2025-10-24 17:41:23
USR0072,2025-10-24 18:15:30
USR0251,2025-10-24 18:28:44
USR0178,2025-10-24 18:49:02
USR0094,2025-10-27 08:09:02
USR0180,2025-10-27 09:35:05
USR0107,2025-10-27 09:56:23
USR0014,2025-10-27 10:09:12
USR0193,2025-10-27 10:22:26
USR0100,2025-10-27 11:35:15
USR0027,2025-10-27 11:56:33
USR0113,2025-10-27 12:22:36
USR0227,2025-10-27 12:56:08
USR0134,2025-10-27 13:09:57
USR0207,2025-10-27 13:48:39
USR0033,2025-10-27 14:22:46
USR0054,2025-10-27 15:09:07
USR0233,2025-10-27 15:22:21
USR0254,2025-10-27 16:09:42
USR0067,2025-10-27 16:56:28
USR0174,2025-10-27 18:09:52
USR0060,2025-10-27 18:35:20
USR0073,2025-10-27 19:22:41
USR0187,2025-10-27 19:56:13
USR0195,2025-10-28 08:56:24
USR0102,2025-10-28 09:09:13
USR0001,2025-10-28 10:22:02
USR0115,2025-10-28 10:56:34
USR0201,2025-10-28 11:22:37
USR0222,2025-10-28 12:09:58
USR0108,2025-10-28 12:35:26
USR0035,2025-10-28 12:56:44
USR0121,2025-10-28 13:22:47
USR0015,2025-10-28 13:48:15
USR0235,2025-10-28 13:56:19
USR0142,2025-10-28 14:09:08
USR0041,2025-10-28 15:22:57
USR0228,2025-10-28 15:35:11
USR0155,2025-10-28 15:56:29
USR0062,2025-10-28 16:09:18
USR0241,2025-10-28 16:22:32
USR0135,2025-10-28 16:48:00
USR0075,2025-10-28 17:56:39
USR0161,2025-10-28 18:22:42
USR0182,2025-10-28 19:09:03
USR0255,2025-10-28 19:48:45
USR0190,2025-10-29 08:09:14
USR0076,2025-10-29 08:35:42
USR0003,2025-10-29 08:56:00
USR0203,2025-10-29 09:56:35
USR0110,2025-10-29 10:09:24
USR0183,2025-10-29 10:48:06
USR0009,2025-10-29 11:22:13
USR0196,2025-10-29 11:35:27
USR0123,2025-10-29 11:56:45
USR0030,2025-10-29 12:09:34
USR0230,2025-10-29 13:09:09
USR0043,2025-10-29 13:56:55
USR0129,2025-10-29 14:22:58
USR0243,2025-10-29 14:56:30
USR0036,2025-10-29 15:35:47
USR0049,2025-10-29 16:22:08
USR0163,2025-10-29 16:56:40
USR0070,2025-10-29 17:09:29
USR0249,2025-10-29 17:22:43
USR0169,2025-10-29 19:22:53
USR0063,2025-10-29 19:48:21
USR0177,2025-10-30 08:22:04
USR0198,2025-10-30 09:09:25
USR0011,2025-10-30 09:56:11
USR0097,2025-10-30 10:22:14
USR0118,2025-10-30 11:09:35
USR0004,2025-10-30 11:35:03
USR0204,2025-10-30 12:35:38
USR0131,2025-10-30 12:56:56
USR0038,2025-10-30 13:09:45
USR0111,2025-10-30 13:48:27
USR0238,2025-10-30 14:09:20
USR0124,2025-10-30 14:35:48
USR0051,2025-10-30 14:56:06
USR0137,2025-10-30 15:22:09
USR0251,2025-10-30 15:56:41
USR0158,2025-10-30 16:09:30
USR0231,2025-10-30 16:48:12
USR0057,2025-10-30 17:22:19
USR0244,2025-10-30 17:35:33
USR0171,2025-10-30 17:56:51
USR0078,2025-10-30 18:09:40
USR0091,2025-10-30 19:56:01
USR0172,2025-10-31 08:35:54
USR0099,2025-10-31 08:56:12
USR0006,2025-10-31 09:09:01
USR0185,2025-10-31 09:22:15
USR0206,2025-10-31 10:09:36
USR0105,2025-10-31 11:22:25
USR0219,2025-10-31 11:56:57
USR0126,2025-10-31 12:09:46
USR0012,2025-10-31 12:35:14
USR0139,2025-10-31 13:56:07
USR0046,2025-10-31 14:09:56
USR0225,2025-10-31 14:22:10
USR0246,2025-10-31 15:09:31
USR0132,2025-10-31 15:35:59
USR0059,2025-10-31 15:56:17
USR0039,2025-10-31 16:48:48
USR0166,2025-10-31 17:09:41
USR0052,2025-10-31 17:35:09
USR0065,2025-10-31 18:22:30
USR0252,2025-10-31 18:35:44
USR0179,2025-10-31 18:56:02
USR0095,2025-11-03 08:16:02
USR0108,2025-11-03 09:03:23
USR0015,2025-11-03 10:16:12
USR0194,2025-11-03 10:29:26
USR0028,2025-11-03 11:03:33
USR0101,2025-11-03 11:42:15
USR0228,2025-11-03 12:03:08
USR0114,2025-11-03 12:29:36
USR0008,2025-11-03 12:55:04
USR0135,2025-11-03 13:16:57
USR0148,2025-11-03 14:03:18
USR0034,2025-11-03 14:29:46
USR0055,2025-11-03 15:16:07
USR0234,2025-11-03 15:29:21
USR0128,2025-11-03 15:55:49
USR0068,2025-11-03 16:03:28
USR0255,2025-11-03 16:16:42
USR0141,2025-11-03 16:42:10
USR0175,2025-11-03 18:16:52
USR0248,2025-11-03 18:55:34
USR0188,2025-11-03 19:03:13
USR0074,2025-11-03 19:29:41
USR0196,2025-11-04 08:03:24
USR0103,2025-11-04 09:16:13
USR0176,2025-11-04 09:55:55
USR0116,2025-11-04 10:03:34
USR0002,2025-11-04 10:29:02
USR0189,2025-11-04 10:42:16
USR0202,2025-11-04 11:29:37
USR0036,2025-11-04 12:03:44
USR0223,2025-11-04 12:16:58
USR0236,2025-11-04 13:03:19
USR0122,2025-11-04 13:29:47
USR0143,2025-11-04 14:16:08
USR0156,2025-11-04 15:03:29
USR0042,2025-11-04 15:29:57
USR0063,2025-11-04 16:16:18
USR0242,2025-11-04 16:29:32
USR0076,2025-11-04 17:03:39
USR0162,2025-11-04 18:29:42
USR0056,2025-11-04 18:55:10
USR0183,2025-11-04 19:16:03
USR0069,2025-11-04 19:42:31
USR0004,2025-11-05 08:03:00
USR0191,2025-11-05 08:16:14
USR0077,2025-11-05 08:42:42
USR0204,2025-11-05 09:03:35
USR0111,2025-11-05 10:16:24
USR0124,2025-11-05 11:03:45
USR0010,2025-11-05 11:29:13
USR0197,2025-11-05 11:42:27
USR0031,2025-11-05 12:16:34
USR0104,2025-11-05 12:55:16
USR0044,2025-11-05 13:03:55
USR0231,2025-11-05 13:16:09
USR0117,2025-11-05 13:42:37
USR0244,2025-11-05 14:03:30
USR0130,2025-11-05 14:29:58
USR0164,2025-11-05 16:03:40
USR0050,2025-11-05 16:29:08
USR0237,2025-11-05 16:42:22
USR0071,2025-11-05 17:16:29
USR0250,2025-11-05 17:29:43
USR0084,2025-11-05 18:03:50
USR0170,2025-11-05 19:29:53
USR0178,2025-11-06 08:29:04
USR0012,2025-11-06 09:03:11
USR0199,2025-11-06 09:16:25
USR0212,2025-11-06 10:03:46
USR0098,2025-11-06 10:29:14
USR0119,2025-11-06 11:16:35
USR0005,2025-11-06 11:42:03
USR0132,2025-11-06 12:03:56
USR0039,2025-11-06 13:16:45
USR0052,2025-11-06 14:03:06
USR0239,2025-11-06 14:16:20
USR0125,2025-11-06 14:42:48
USR0252,2025-11-06 15:03:41
USR0138,2025-11-06 15:29:09
USR0159,2025-11-06 16:16:30
USR0045,2025-11-06 16:42:58
USR0172,2025-11-06 17:03:51
USR0058,2025-11-06 17:29:19
USR0245,2025-11-06 17:42:33
USR0079,2025-11-06 18:16:40
USR0092,2025-11-06 19:03:01
USR0165,2025-11-06 19:42:43
USR0100,2025-11-07 08:03:12
USR0173,2025-11-07 08:42:54
USR0007,2025-11-07 09:16:01
USR0186,2025-11-07 09:29:15
USR0080,2025-11-07 09:55:43
USR0020,2025-11-07 10:03:22
USR0207,2025-11-07 10:16:36
USR0220,2025-11-07 11:03:57
USR0106,2025-11-07 11:29:25
USR0127,2025-11-07 12:16:46
USR0200,2025-11-07 12:55:28
USR0140,2025-11-07 13:03:07
USR0047,2025-11-07 14:16:56
USR0226,2025-11-07 14:29:10
USR0060,2025-11-07 15:03:17
USR0247,2025-11-07 15:16:31
USR0167,2025-11-07 17:16:41
USR0053,2025-11-07 17:42:09
USR0180,2025-11-07 18:03:02
USR0066,2025-11-07 18:29:30
USR0161,2025-11-10 08:02:44
USR0096,2025-11-10 08:23:02
USR0109,2025-11-10 09:10:23
USR0182,2025-11-10 09:49:05
USR0016,2025-11-10 10:23:12
USR0195,2025-11-10 10:36:26
USR0029,2025-11-10 11:10:33
USR0229,2025-11-10 12:10:08
USR0115,2025-11-10 12:36:36
USR0136,2025-11-10 13:23:57
USR0035,2025-11-10 14:36:46
USR0056,2025-11-10 15:23:07
USR0235,2025-11-10 15:36:21
USR0069,2025-11-10 16:10:28
USR0256,2025-11-10 16:23:42
USR0142,2025-11-10 16:49:10
USR0041,2025-11-10 17:02:59
USR0176,2025-11-10 18:23:52
USR0062,2025-11-10 18:49:20
USR0189,2025-11-10 19:10:13
USR0075,2025-11-10 19:36:41
USR0197,2025-11-11 08:10:24
USR0104,2025-11-11 09:23:13
USR0117,2025-11-11 10:10:34
USR0003,2025-11-11 10:36:02
USR0190,2025-11-11 10:49:16
USR0203,2025-11-11 11:36:37
USR0037,2025-11-11 12:10:44
USR0224,2025-11-11 12:23:58
USR0110,2025-11-11 12:49:26
USR0237,2025-11-11 13:10:19
USR0123,2025-11-11 13:36:47
USR0144,2025-11-11 14:23:08
USR0157,2025-11-11 15:10:29
USR0043,2025-11-11 15:36:57
USR0230,2025-11-11 15:49:11
USR0064,2025-11-11 16:23:18
USR0243,2025-11-11 16:36:32
USR0077,2025-11-11 17:10:39
USR0163,2025-11-11 18:36:42
USR0184,2025-11-11 19:23:03
USR0070,2025-11-11 19:49:31
USR0005,2025-11-12 08:10:00
USR0192,2025-11-12 08:23:14
USR0205,2025-11-12 09:10:35
USR0112,2025-11-12 10:23:24
USR0125,2025-11-12 11:10:45
USR0011,2025-11-12 11:36:13
USR0032,2025-11-12 12:23:34
USR0045,2025-11-12 13:10:55
USR0232,2025-11-12 13:23:09
USR0118,2025-11-12 13:49:37
USR0245,2025-11-12 14:10:30
USR0131,2025-11-12 14:36:58
USR0038,2025-11-12 15:49:47
USR0165,2025-11-12 16:10:40
USR0051,2025-11-12 16:36:08
USR0238,2025-11-12 16:49:22
USR0137,2025-11-12 17:02:11
USR0072,2025-11-12 17:23:29
USR0251,2025-11-12 17:36:43
USR0171,2025-11-12 19:36:53
USR0065,2025-11-13 08:02:32
USR0179,2025-11-13 08:36:04
USR0013,2025-11-13 09:10:11
USR0200,2025-11-13 09:23:25
USR0099,2025-11-13 10:36:14
USR0185,2025-11-13 11:02:17
USR0120,2025-11-13 11:23:35
USR0133,2025-11-13 12:10:56
USR0206,2025-11-13 12:49:38
USR0040,2025-11-13 13:23:45
USR0053,2025-11-13 14:10:06
USR0240,2025-11-13 14:23:20
USR0253,2025-11-13 15:10:41
USR0139,2025-11-13 15:36:09
USR0160,2025-11-13 16:23:30
USR0046,2025-11-13 16:49:58
USR0173,2025-11-13 17:10:51
USR0059,2025-11-13 17:36:19
USR0080,2025-11-13 18:23:40
USR0093,2025-11-13 19:10:01
USR0166,2025-11-13 19:49:43
USR0101,2025-11-14 08:10:12
USR0008,2025-11-14 09:23:01
USR0187,2025-11-14 09:36:15
USR0208,2025-11-14 10:23:36
USR0221,2025-11-14 11:10:57
USR0107,2025-11-14 11:36:25
USR0128,2025-11-14 12:23:46
USR0014,2025-11-14 12:49:14
USR0141,2025-11-14 13:10:07
USR0113,2025-11-14 14:02:38
USR0048,2025-11-14 14:23:56
USR0227,2025-11-14 14:36:10
USR0061,2025-11-14 15:10:17
USR0248,2025-11-14 15:23:31
USR0134,2025-11-14 15:49:59
USR0233,2025-11-14 17:02:23
USR0168,2025-11-14 17:23:41
USR0181,2025-11-14 18:10:02
USR0067,2025-11-14 18:36:30
USR0254,2025-11-14 18:49:44
USR0089,2025-11-17 08:30:02
USR0110,2025-11-17 09:17:23
USR0183,2025-11-17 09:56:05
USR0009,2025-11-17 10:30:12
USR0196,2025-11-17 10:43:26
USR0030,2025-11-17 11:17:33
USR0103,2025-11-17 11:56:15
USR0230,2025-11-17 12:17:08
USR0116,2025-11-17 12:43:36
USR0202,2025-11-17 13:09:39
USR0129,2025-11-17 13:30:57
USR0036,2025-11-17 14:43:46
USR0049,2025-11-17 15:30:07
USR0236,2025-11-17 15:43:21
USR0070,2025-11-17 16:17:28
USR0249,2025-11-17 16:30:42
USR0169,2025-11-17 18:30:52
USR0063,2025-11-17 18:56:20
USR0190,2025-11-17 19:17:13
USR0076,2025-11-17 19:43:41
USR0198,2025-11-18 08:17:24
USR0097,2025-11-18 09:30:13
USR0118,2025-11-18 10:17:34
USR0004,2025-11-18 10:43:02
USR0204,2025-11-18 11:43:37
USR0038,2025-11-18 12:17:44
USR0217,2025-11-18 12:30:58
USR0111,2025-11-18 12:56:26
USR0010,2025-11-18 13:09:15
USR0238,2025-11-18 13:17:19
USR0124,2025-11-18 13:43:47
USR0137,2025-11-18 14:30:08
USR0158,2025-11-18 15:17:29
USR0044,2025-11-18 15:43:57
USR0231,2025-11-18 15:56:11
USR0130,2025-11-18 16:09:00
USR0057,2025-11-18 16:30:18
USR0244,2025-11-18 16:43:32
USR0078,2025-11-18 17:17:39
USR0164,2025-11-18 18:43:42
USR0250,2025-11-18 19:09:45
USR0177,2025-11-18 19:30:03
USR0006,2025-11-19 08:17:00
USR0185,2025-11-19 08:30:14
USR0079,2025-11-19 08:56:42
USR0206,2025-11-19 09:17:35
USR0178,2025-11-19 10:09:06
USR0105,2025-11-19 10:30:24
USR0126,2025-11-19 11:17:45
USR0012,2025-11-19 11:43:13
USR0199,2025-11-19 11:56:27
USR0025,2025-11-19 12:30:34
USR0046,2025-11-19 13:17:55
USR0225,2025-11-19 13:30:09
USR0246,2025-11-19 14:17:30
USR0132,2025-11-19 14:43:58
USR0039,2025-11-19 15:56:47
USR0166,2025-11-19 16:17:40
USR0052,2025-11-19 16:43:08
USR0065,2025-11-19 17:30:29
USR0252,2025-11-19 17:43:43
USR0058,2025-11-19 19:09:21
USR0172,2025-11-19 19:43:53
USR0180,2025-11-20 08:43:04
USR0014,2025-11-20 09:17:11
USR0193,2025-11-20 09:30:25
USR0100,2025-11-20 10:43:14
USR0113,2025-11-20 11:30:35
USR0007,2025-11-20 11:56:03
USR0134,2025-11-20 12:17:56
USR0207,2025-11-20 12:56:38
USR0106,2025-11-20 13:09:27
USR0033,2025-11-20 13:30:45
USR0054,2025-11-20 14:17:06
USR0233,2025-11-20 14:30:20
USR0127,2025-11-20 14:56:48
USR0254,2025-11-20 15:17:41
USR0140,2025-11-20 15:43:09
USR0226,2025-11-20 16:09:12
USR0153,2025-11-20 16:30:30
USR0174,2025-11-20 17:17:51
USR0060,2025-11-20 17:43:19
USR0247,2025-11-20 17:56:33
USR0073,2025-11-20 18:30:40
USR0094,2025-11-20 19:17:01
USR0102,2025-11-21 08:17:12
USR0175,2025-11-21 08:56:54
USR0001,2025-11-21 09:30:01
USR0188,2025-11-21 09:43:15
USR0201,2025-11-21 10:30:36
USR0222,2025-11-21 11:17:57
USR0108,2025-11-21 11:43:25
USR0121,2025-11-21 12:30:46
USR0015,2025-11-21 12:56:14
USR0142,2025-11-21 13:17:07
USR0041,2025-11-21 14:30:56
USR0228,2025-11-21 14:43:10
USR0062,2025-11-21 15:17:17
USR0241,2025-11-21 15:30:31
USR0135,2025-11-21 15:56:59
USR0034,2025-11-21 16:09:48
USR0161,2025-11-21 17:30:41
USR0055,2025-11-21 17:56:09
USR0182,2025-11-21 18:17:02
USR0068,2025-11-21 18:43:30
USR0255,2025-11-21 18:56:44
USR0090,2025-11-24 08:37:02
USR0111,2025-11-24 09:24:23
USR0010,2025-11-24 10:37:12
USR0197,2025-11-24 10:50:26
USR0104,2025-11-24 11:03:15
USR0031,2025-11-24 11:24:33
USR0003,2025-11-24 12:16:04
USR0231,2025-11-24 12:24:08
USR0117,2025-11-24 12:50:36
USR0130,2025-11-24 13:37:57
USR0151,2025-11-24 14:24:18
USR0037,2025-11-24 14:50:46
USR0123,2025-11-24 15:16:49
USR0050,2025-11-24 15:37:07
USR0237,2025-11-24 15:50:21
USR0144,2025-11-24 16:03:10
USR0071,2025-11-24 16:24:28
USR0250,2025-11-24 16:37:42
USR0243,2025-11-24 18:16:34
USR0170,2025-11-24 18:37:52
USR0191,2025-11-24 19:24:13
USR0077,2025-11-24 19:50:41
USR0199,2025-11-25 08:24:24
USR0171,2025-11-25 09:16:55
USR0098,2025-11-25 09:37:13
USR0192,2025-11-25 10:03:16
USR0119,2025-11-25 10:24:34
USR0005,2025-11-25 10:50:02
USR0205,2025-11-25 11:50:37
USR0039,2025-11-25 12:24:44
USR0218,2025-11-25 12:37:58
USR0239,2025-11-25 13:24:19
USR0125,2025-11-25 13:50:47
USR0138,2025-11-25 14:37:08
USR0159,2025-11-25 15:24:29
USR0045,2025-11-25 15:50:57
USR0058,2025-11-25 16:37:18
USR0245,2025-11-25 16:50:32
USR0079,2025-11-25 17:24:39
USR0051,2025-11-25 18:16:10
USR0165,2025-11-25 18:50:42
USR0072,2025-11-25 19:03:31
USR0178,2025-11-25 19:37:03
USR0080,2025-11-26 08:03:42
USR0007,2025-11-26 08:24:00
USR0186,2025-11-26 08:37:14
USR0207,2025-11-26 09:24:35
USR0106,2025-11-26 10:37:24
USR0200,2025-11-26 11:03:27
USR0127,2025-11-26 11:24:45
USR0013,2025-11-26 11:50:13
USR0099,2025-11-26 12:16:16
USR0026,2025-11-26 12:37:34
USR0120,2025-11-26 13:03:37
USR0047,2025-11-26 13:24:55
USR0226,2025-11-26 13:37:09
USR0247,2025-11-26 14:24:30
USR0133,2025-11-26 14:50:58
USR0240,2025-11-26 16:03:22
USR0167,2025-11-26 16:24:40
USR0053,2025-11-26 16:50:08
USR0066,2025-11-26 17:37:29
USR0253,2025-11-26 17:50:43
USR0087,2025-11-26 18:24:50
USR0173,2025-11-26 19:50:53
USR0181,2025-11-27 08:50:04
USR0015,2025-11-27 09:24:11
USR0194,2025-11-27 09:37:25
USR0215,2025-11-27 10:24:46
USR0101,2025-11-27 10:50:14
USR0008,2025-11-27 11:03:03
USR0114,2025-11-27 11:37:35
USR0135,2025-11-27 12:24:56
USR0034,2025-11-27 13:37:45
USR0128,2025-11-27 14:03:48
USR0055,2025-11-27 14:24:06
USR0234,2025-11-27 14:37:20
USR0255,2025-11-27 15:24:41
USR0141,2025-11-27 15:50:09
USR0048,2025-11-27 16:03:58
USR0154,2025-11-27 16:37:30
USR0248,2025-11-27 17:03:33
USR0175,2025-11-27 17:24:51
USR0061,2025-11-27 17:50:19
USR0074,2025-11-27 18:37:40
USR0168,2025-11-27 19:03:43
USR0095,2025-11-27 19:24:01
USR0176,2025-11-28 08:03:54
USR0103,2025-11-28 08:24:12
USR0075,2025-11-28 09:16:43
USR0002,2025-11-28 09:37:01
USR0189,2025-11-28 09:50:15
USR0023,2025-11-28 10:24:22
USR0202,2025-11-28 10:37:36
USR0223,2025-11-28 11:24:57
USR0109,2025-11-28 11:50:25
USR0195,2025-11-28 12:16:28
USR0122,2025-11-28 12:37:46
USR0143,2025-11-28 13:24:07
USR0042,2025-11-28 14:37:56
USR0229,2025-11-28 14:50:10
USR0063,2025-11-28 15:24:17
USR0242,2025-11-28 15:37:31
USR0056,2025-11-28 17:03:09
USR0162,2025-11-28 17:37:41
USR0183,2025-11-28 18:24:02
USR0069,2025-11-28 18:50:30
USR0164,2025-12-01 08:23:44
USR0091,2025-12-01 08:44:02
USR0177,2025-12-01 09:10:05
USR0112,2025-12-01 09:31:23
USR0011,2025-12-01 10:44:12
USR0198,2025-12-01 10:57:26
USR0032,2025-12-01 11:31:33
USR0232,2025-12-01 12:31:08
USR0118,2025-12-01 12:57:36
USR0131,2025-12-01 13:44:57
USR0038,2025-12-01 14:57:46
USR0051,2025-12-01 15:44:07
USR0238,2025-12-01 15:57:21
USR0137,2025-12-01 16:10:10
USR0072,2025-12-01 16:31:28
USR0251,2025-12-01 16:44:42
USR0044,2025-12-01 17:23:59
USR0057,2025-12-01 18:10:20
USR0171,2025-12-01 18:44:52
USR0192,2025-12-01 19:31:13
USR0078,2025-12-01 19:57:41
USR0200,2025-12-02 08:31:24
USR0099,2025-12-02 09:44:13
USR0185,2025-12-02 10:10:16
USR0120,2025-12-02 10:31:34
USR0006,2025-12-02 10:57:02
USR0206,2025-12-02 11:57:37
USR0105,2025-12-02 12:10:26
USR0040,2025-12-02 12:31:44
USR0219,2025-12-02 12:44:58
USR0240,2025-12-02 13:31:19
USR0126,2025-12-02 13:57:47
USR0139,2025-12-02 14:44:08
USR0225,2025-12-02 15:10:11
USR0160,2025-12-02 15:31:29
USR0046,2025-12-02 15:57:57
USR0059,2025-12-02 16:44:18
USR0246,2025-12-02 16:57:32
USR0080,2025-12-02 17:31:39
USR0166,2025-12-02 18:57:42
USR0065,2025-12-02 19:10:31
USR0179,2025-12-02 19:44:03
USR0008,2025-12-03 08:31:00
USR0187,2025-12-03 08:44:14
USR0208,2025-12-03 09:31:35
USR0107,2025-12-03 10:44:24
USR0128,2025-12-03 11:31:45
USR0014,2025-12-03 11:57:13
USR0027,2025-12-03 12:44:34
USR0113,2025-12-03 13:10:37
USR0048,2025-12-03 13:31:55
USR0227,2025-12-03 13:44:09
USR0248,2025-12-03 14:31:30
USR0134,2025-12-03 14:57:58
USR0033,2025-12-03 15:10:47
USR0233,2025-12-03 16:10:22
USR0168,2025-12-03 16:31:40
USR0054,2025-12-03 16:57:08
USR0140,2025-12-03 17:23:11
USR0067,2025-12-03 17:44:29
USR0254,2025-12-03 17:57:43
USR0174,2025-12-03 19:57:53
USR0068,2025-12-04 08:23:32
USR0182,2025-12-04 08:57:04
USR0016,2025-12-04 09:31:11
USR0195,2025-12-04 09:44:25
USR0102,2025-12-04 10:57:14
USR0188,2025-12-04 11:23:17
USR0115,2025-12-04 11:44:35
USR0201,2025-12-04 12:10:38
USR0136,2025-12-04 12:31:56
USR0035,2025-12-04 13:44:45
USR0056,2025-12-04 14:31:06
USR0235,2025-12-04 14:44:20
USR0256,2025-12-04 15:31:41
USR0142,2025-12-04 15:57:09
USR0041,2025-12-04 16:10:58
USR0155,2025-12-04 16:44:30
USR0176,2025-12-04 17:31:51
USR0062,2025-12-04 17:57:19
USR0075,2025-12-04 18:44:40
USR0161,2025-12-04 19:10:43
USR0096,2025-12-04 19:31:01
USR0104,2025-12-05 08:31:12
USR0003,2025-12-05 09:44:01
USR0190,2025-12-05 09:57:15
USR0203,2025-12-05 10:44:36
USR0224,2025-12-05 11:31:57
USR0110,2025-12-05 11:57:25
USR0009,2025-12-05 12:10:14
USR0123,2025-12-05 12:44:46
USR0144,2025-12-05 13:31:07
USR0116,2025-12-05 14:23:38
USR0043,2025-12-05 14:44:56
USR0230,2025-12-05 14:57:10
USR0129,2025-12-05 15:10:59
USR0064,2025-12-05 15:31:17
USR0243,2025-12-05 15:44:31
USR0236,2025-12-05 17:23:23
USR0163,2025-12-05 17:44:41
USR0249,2025-12-05 18:10:44
USR0184,2025-12-05 18:31:02
USR0070,2025-12-05 18:57:30
USR0092,2025-12-08 08:51:02
USR0178,2025-12-08 09:17:05
USR0105,2025-12-08 09:38:23
USR0199,2025-12-08 10:04:26
USR0012,2025-12-08 10:51:12
USR0098,2025-12-08 11:17:15
USR0025,2025-12-08 11:38:33
USR0119,2025-12-08 12:04:36
USR0225,2025-12-08 12:38:08
USR0205,2025-12-08 13:30:39
USR0132,2025-12-08 13:51:57
USR0039,2025-12-08 14:04:46
USR0239,2025-12-08 15:04:21
USR0052,2025-12-08 15:51:07
USR0065,2025-12-08 16:38:28
USR0252,2025-12-08 16:51:42
USR0058,2025-12-08 18:17:20
USR0172,2025-12-08 18:51:52
USR0079,2025-12-08 19:04:41
USR0185,2025-12-08 19:38:13
USR0193,2025-12-09 08:38:24
USR0100,2025-12-09 09:51:13
USR0007,2025-12-09 10:04:02
USR0113,2025-12-09 10:38:34
USR0207,2025-12-09 11:04:37
USR0106,2025-12-09 12:17:26
USR0033,2025-12-09 12:38:44
USR0220,2025-12-09 12:51:58
USR0127,2025-12-09 13:04:47
USR0013,2025-12-09 13:30:15
USR0233,2025-12-09 13:38:19
USR0140,2025-12-09 14:51:08
USR0047,2025-12-09 15:04:57
USR0226,2025-12-09 15:17:11
USR0153,2025-12-09 15:38:29
USR0247,2025-12-09 16:04:32
USR0133,2025-12-09 16:30:00
USR0060,2025-12-09 16:51:18
USR0073,2025-12-09 17:38:39
USR0167,2025-12-09 18:04:42
USR0253,2025-12-09 19:30:45
USR0180,2025-12-09 19:51:03
USR0074,2025-12-10 08:17:42
USR0001,2025-12-10 08:38:00
USR0188,2025-12-10 08:51:14
USR0201,2025-12-10 09:38:35
USR0181,2025-12-10 10:30:06
USR0108,2025-12-10 10:51:24
USR0015,2025-12-10 11:04:13
USR0194,2025-12-10 11:17:27
USR0121,2025-12-10 11:38:45
USR0028,2025-12-10 12:51:34
USR0041,2025-12-10 13:38:55
USR0228,2025-12-10 13:51:09
USR0135,2025-12-10 14:04:58
USR0241,2025-12-10 14:38:30
USR0034,2025-12-10 15:17:47
USR0055,2025-12-10 16:04:08
USR0161,2025-12-10 16:38:40
USR0255,2025-12-10 17:04:43
USR0068,2025-12-10 17:51:29
USR0175,2025-12-10 19:04:53
USR0061,2025-12-10 19:30:21
USR0183,2025-12-11 08:04:04
USR0009,2025-12-11 09:38:11
USR0196,2025-12-11 09:51:25
USR0103,2025-12-11 10:04:14
USR0002,2025-12-11 11:17:03
USR0116,2025-12-11 11:51:35
USR0202,2025-12-11 12:17:38
USR0129,2025-12-11 12:38:56
USR0109,2025-12-11 13:30:27
USR0036,2025-12-11 13:51:45
USR0122,2025-12-11 14:17:48
USR0049,2025-12-11 14:38:06
USR0236,2025-12-11 14:51:20
USR0143,2025-12-11 15:04:09
USR0249,2025-12-11 15:38:41
USR0229,2025-12-11 16:30:12
USR0156,2025-12-11 16:51:30
USR0063,2025-12-11 17:04:19
USR0242,2025-12-11 17:17:33
USR0169,2025-12-11 17:38:51
USR0076,2025-12-11 18:51:40
USR0089,2025-12-11 19:38:01
USR0170,2025-12-12 08:17:54
USR0097,2025-12-12 08:38:12
USR0191,2025-12-12 09:04:15
USR0004,2025-12-12 09:51:01
USR0204,2025-12-12 10:51:36
USR0111,2025-12-12 11:04:25
USR0217,2025-12-12 11:38:57
USR0010,2025-12-12 12:17:14
USR0124,2025-12-12 12:51:46
USR0137,2025-12-12 13:38:07
USR0231,2025-12-12 14:04:10
USR0044,2025-12-12 14:51:56
USR0130,2025-12-12 15:17:59
USR0057,2025-12-12 15:38:17
USR0244,2025-12-12 15:51:31
USR0037,2025-12-12 16:30:48
USR0050,2025-12-12 17:17:09
USR0164,2025-12-12 17:51:41
USR0071,2025-12-12 18:04:30
USR0250,2025-12-12 18:17:44
USR0177,2025-12-12 18:38:02
USR0093,2025-12-15 08:58:02
USR0106,2025-12-15 09:45:23
USR0200,2025-12-15 10:11:26
USR0013,2025-12-15 10:58:12
USR0099,2025-12-15 11:24:15
USR0026,2025-12-15 11:45:33
USR0120,2025-12-15 12:11:36
USR0006,2025-12-15 12:37:04
USR0226,2025-12-15 12:45:08
USR0133,2025-12-15 13:58:57
USR0040,2025-12-15 14:11:46
USR0146,2025-12-15 14:45:18
USR0240,2025-12-15 15:11:21
USR0126,2025-12-15 15:37:49
USR0053,2025-12-15 15:58:07
USR0139,2025-12-15 16:24:10
USR0066,2025-12-15 16:45:28
USR0253,2025-12-15 16:58:42
USR0246,2025-12-15 18:37:34
USR0173,2025-12-15 18:58:52
USR0080,2025-12-15 19:11:41
USR0186,2025-12-15 19:45:13
USR0194,2025-12-16 08:45:24
USR0174,2025-12-16 09:37:55
USR0101,2025-12-16 09:58:13
USR0008,2025-12-16 10:11:02
USR0187,2025-12-16 10:24:16
USR0114,2025-12-16 10:45:34
USR0208,2025-12-16 11:11:37
USR0034,2025-12-16 12:45:44
USR0221,2025-12-16 12:58:58
USR0128,2025-12-16 13:11:47
USR0234,2025-12-16 13:45:19
USR0141,2025-12-16 14:58:08
USR0048,2025-12-16 15:11:57
USR0154,2025-12-16 15:45:29
USR0248,2025-12-16 16:11:32
USR0061,2025-12-16 16:58:18
USR0074,2025-12-16 17:45:39
USR0168,2025-12-16 18:11:42
USR0054,2025-12-16 18:37:10
USR0067,2025-12-16 19:24:31
USR0181,2025-12-16 19:58:03
USR0075,2025-12-17 08:24:42
USR0002,2025-12-17 08:45:00
USR0189,2025-12-17 08:58:14
USR0202,2025-12-17 09:45:35
USR0109,2025-12-17 10:58:24
USR0016,2025-12-17 11:11:13
USR0195,2025-12-17 11:24:27
USR0122,2025-12-17 11:45:45
USR0102,2025-12-17 12:37:16
USR0029,2025-12-17 12:58:34
USR0115,2025-12-17 13:24:37
USR0042,2025-12-17 13:45:55
USR0229,2025-12-17 13:58:09
USR0136,2025-12-17 14:11:58
USR0242,2025-12-17 14:45:30
USR0056,2025-12-17 16:11:08
USR0235,2025-12-17 16:24:22
USR0162,2025-12-17 16:45:40
USR0256,2025-12-17 17:11:43
USR0069,2025-12-17 17:58:29
USR0082,2025-12-17 18:45:50
USR0176,2025-12-17 19:11:53
USR0184,2025-12-18 08:11:04
USR0010,2025-12-18 09:45:11
USR0197,2025-12-18 09:58:25
USR0104,2025-12-18 10:11:14
USR0210,2025-12-18 10:45:46
USR0003,2025-12-18 11:24:03
USR0117,2025-12-18 11:58:35
USR0130,2025-12-18 12:45:56
USR0037,2025-12-18 13:58:45
USR0123,2025-12-18 14:24:48
USR0050,2025-12-18 14:45:06
USR0237,2025-12-18 14:58:20
USR0144,2025-12-18 15:11:09
USR0250,2025-12-18 15:45:41
USR0043,2025-12-18 16:24:58
USR0157,2025-12-18 16:58:30
USR0064,2025-12-18 17:11:19
USR0243,2025-12-18 17:24:33
USR0170,2025-12-18 17:45:51
USR0077,2025-12-18 18:58:40
USR0163,2025-12-18 19:24:43
USR0090,2025-12-18 19:45:01
USR0171,2025-12-19 08:24:54
USR0098,2025-12-19 08:45:12
USR0192,2025-12-19 09:11:15
USR0078,2025-12-19 09:37:43
USR0005,2025-12-19 09:58:01
USR0018,2025-12-19 10:45:22
USR0205,2025-12-19 10:58:36
USR0112,2025-12-19 11:11:25
USR0218,2025-12-19 11:45:57
USR0198,2025-12-19 12:37:28
USR0125,2025-12-19 12:58:46
USR0138,2025-12-19 13:45:07
USR0232,2025-12-19 14:11:10
USR0045,2025-12-19 14:58:56
USR0058,2025-12-19 15:45:17
USR0245,2025-12-19 15:58:31
USR0051,2025-12-19 17:24:09
USR0165,2025-12-19 17:58:41
USR0072,2025-12-19 18:11:30
USR0178,2025-12-19 18:45:02
USR0094,2025-12-22 08:05:02
USR0167,2025-12-22 08:44:44
USR0180,2025-12-22 09:31:05
USR0107,2025-12-22 09:52:23
USR0014,2025-12-22 10:05:12
USR0193,2025-12-22 10:18:26
USR0027,2025-12-22 11:52:33
USR0113,2025-12-22 12:18:36
USR0227,2025-12-22 12:52:08
USR0134,2025-12-22 13:05:57
USR0033,2025-12-22 14:18:46
USR0054,2025-12-22 15:05:07
USR0233,2025-12-22 15:18:21
USR0254,2025-12-22 16:05:42
USR0140,2025-12-22 16:31:10
USR0067,2025-12-22 16:52:28
USR0047,2025-12-22 17:44:59
USR0174,2025-12-22 18:05:52
USR0060,2025-12-22 18:31:20
USR0073,2025-12-22 19:18:41
USR0187,2025-12-22 19:52:13
USR0195,2025-12-23 08:52:24
USR0102,2025-12-23 09:05:13
USR0001,2025-12-23 10:18:02
USR0188,2025-12-23 10:31:16
USR0115,2025-12-23 10:52:34
USR0201,2025-12-23 11:18:37
USR0222,2025-12-23 12:05:58
USR0108,2025-12-23 12:31:26
USR0035,2025-12-23 12:52:44
USR0121,2025-12-23 13:18:47
USR0235,2025-12-23 13:52:19
USR0142,2025-12-23 14:05:08
USR0041,2025-12-23 15:18:57
USR0228,2025-12-23 15:31:11
USR0155,2025-12-23 15:52:29
USR0062,2025-12-23 16:05:18
USR0241,2025-12-23 16:18:32
USR0075,2025-12-23 17:52:39
USR0161,2025-12-23 18:18:42
USR0182,2025-12-23 19:05:03
USR0068,2025-12-23 19:31:31
USR0190,2025-12-24 08:05:14
USR0003,2025-12-24 08:52:00
USR0203,2025-12-24 09:52:35
USR0110,2025-12-24 10:05:24
USR0009,2025-12-24 11:18:13
USR0123,2025-12-24 11:52:45
USR0030,2025-12-24 12:05:34
USR0230,2025-12-24 13:05:09
USR0116,2025-12-24 13:31:37
USR0043,2025-12-24 13:52:55
USR0129,2025-12-24 14:18:58
USR0243,2025-12-24 14:52:30
USR0036,2025-12-24 15:31:47
USR0049,2025-12-24 16:18:08
USR0236,2025-12-24 16:31:22
USR0163,2025-12-24 16:52:40
USR0070,2025-12-24 17:05:29
USR0249,2025-12-24 17:18:43
USR0143,2025-12-24 17:44:11
USR0169,2025-12-24 19:18:53
USR0177,2025-12-25 08:18:04
USR0071,2025-12-25 08:44:32
USR0198,2025-12-25 09:05:25
USR0011,2025-12-25 09:52:11
USR0097,2025-12-25 10:18:14
USR0118,2025-12-25 11:05:35
USR0191,2025-12-25 11:44:17
USR0204,2025-12-25 12:31:38
USR0131,2025-12-25 12:52:56
USR0038,2025-12-25 13:05:45
USR0238,2025-12-25 14:05:20
USR0051,2025-12-25 14:52:06
USR0137,2025-12-25 15:18:09
USR0251,2025-12-25 15:52:41
USR0158,2025-12-25 16:05:30
USR0044,2025-12-25 16:31:58
USR0057,2025-12-25 17:18:19
USR0171,2025-12-25 17:52:51
USR0078,2025-12-25 18:05:40
USR0164,2025-12-25 19:31:43
USR0091,2025-12-25 19:52:01
USR0099,2025-12-26 08:52:12
USR0006,2025-12-26 09:05:01
USR0185,2025-12-26 09:18:15
USR0206,2025-12-26 10:05:36
USR0105,2025-12-26 11:18:25
USR0219,2025-12-26 11:52:57
USR0126,2025-12-26 12:05:46
USR0012,2025-12-26 12:31:14
USR0139,2025-12-26 13:52:07
USR0046,2025-12-26 14:05:56
USR0225,2025-12-26 14:18:10
USR0119,2025-12-26 14:44:38
USR0246,2025-12-26 15:05:31
USR0132,2025-12-26 15:31:59
USR0059,2025-12-26 15:52:17
USR0166,2025-12-26 17:05:41
USR0239,2025-12-26 17:44:23
USR0065,2025-12-26 18:18:30
USR0252,2025-12-26 18:31:44
USR0179,2025-12-26 18:52:02
USR0095,2025-12-29 08:12:02
USR0181,2025-12-29 09:38:05
USR0108,2025-12-29 09:59:23
USR0015,2025-12-29 10:12:12
USR0194,2025-12-29 10:25:26
USR0101,2025-12-29 11:38:15
USR0028,2025-12-29 11:59:33
USR0114,2025-12-29 12:25:36
USR0228,2025-12-29 12:59:08
USR0135,2025-12-29 13:12:57
USR0208,2025-12-29 13:51:39
USR0034,2025-12-29 14:25:46
USR0055,2025-12-29 15:12:07
USR0234,2025-12-29 15:25:21
USR0255,2025-12-29 16:12:42
USR0068,2025-12-29 16:59:28
USR0175,2025-12-29 18:12:52
USR0061,2025-12-29 18:38:20
USR0074,2025-12-29 19:25:41
USR0188,2025-12-29 19:59:13
USR0196,2025-12-30 08:59:24
USR0103,2025-12-30 09:12:13
USR0002,2025-12-30 10:25:02
USR0116,2025-12-30 10:59:34
USR0202,2025-12-30 11:25:37
USR0223,2025-12-30 12:12:58
USR0109,2025-12-30 12:38:26
USR0036,2025-12-30 12:59:44
USR0122,2025-12-30 13:25:47
USR0016,2025-12-30 13:51:15
USR0236,2025-12-30 13:59:19
USR0143,2025-12-30 14:12:08
USR0042,2025-12-30 15:25:57
USR0229,2025-12-30 15:38:11
USR0156,2025-12-30 15:59:29
USR0063,2025-12-30 16:12:18
USR0242,2025-12-30 16:25:32
USR0136,2025-12-30 16:51:00
USR0076,2025-12-30 17:59:39
USR0162,2025-12-30 18:25:42
USR0183,2025-12-30 19:12:03
USR0256,2025-12-30 19:51:45
USR0191,2025-12-31 08:12:14
USR0077,2025-12-31 08:38:42
USR0004,2025-12-31 08:59:00
USR0204,2025-12-31 09:59:35
USR0111,2025-12-31 10:12:24
USR0184,2025-12-31 10:51:06
USR0010,2025-12-31 11:25:13
USR0197,2025-12-31 11:38:27
USR0124,2025-12-31 11:59:45
USR0031,2025-12-31 12:12:34
USR0231,2025-12-31 13:12:09
USR0044,2025-12-31 13:59:55
USR0130,2025-12-31 14:25:58
USR0244,2025-12-31 14:59:30
USR0037,2025-12-31 15:38:47
USR0050,2025-12-31 16:25:08
USR0164,2025-12-31 16:59:40
USR0071,2025-12-31 17:12:29
USR0250,2025-12-31 17:25:43
USR0170,2025-12-31 19:25:53
USR0064,2025-12-31 19:51:21
USR0178,2026-01-01 08:25:04
USR0199,2026-01-01 09:12:25
USR0012,2026-01-01 09:59:11
USR0098,2026-01-01 10:25:14
USR0119,2026-01-01 11:12:35
USR0005,2026-01-01 11:38:03
USR0205,2026-01-01 12:38:38
USR0132,2026-01-01 12:59:56
USR0039,2026-01-01 13:12:45
USR0112,2026-01-01 13:51:27
USR0239,2026-01-01 14:12:20
USR0125,2026-01-01 14:38:48
USR0052,2026-01-01 14:59:06
USR0138,2026-01-01 15:25:09
USR0252,2026-01-01 15:59:41
USR0159,2026-01-01 16:12:30
USR0232,2026-01-01 16:51:12
USR0058,2026-01-01 17:25:19
USR0245,2026-01-01 17:38:33
USR0172,2026-01-01 17:59:51
USR0079,2026-01-01 18:12:40
USR0092,2026-01-01 19:59:01
USR0173,2026-01-02 08:38:54
USR0100,2026-01-02 08:59:12
USR0007,2026-01-02 09:12:01
USR0186,2026-01-02 09:25:15
USR0207,2026-01-02 10:12:36
USR0106,2026-01-02 11:25:25
USR0220,2026-01-02 11:59:57
USR0127,2026-01-02 12:12:46
USR0013,2026-01-02 12:38:14
USR0140,2026-01-02 13:59:07
USR0047,2026-01-02 14:12:56
USR0226,2026-01-02 14:25:10
USR0247,2026-01-02 15:12:31
USR0133,2026-01-02 15:38:59
USR0060,2026-01-02 15:59:17
USR0040,2026-01-02 16:51:48
USR0167,2026-01-02 17:12:41
USR0053,2026-01-02 17:38:09
USR0066,2026-01-02 18:25:30
USR0253,2026-01-02 18:38:44
USR0180,2026-01-02 18:59:02
USR0096,2026-01-05 08:19:02
USR0109,2026-01-05 09:06:23
USR0016,2026-01-05 10:19:12
USR0195,2026-01-05 10:32:26
USR0029,2026-01-05 11:06:33
USR0102,2026-01-05 11:45:15
USR0229,2026-01-05 12:06:08
USR0115,2026-01-05 12:32:36
USR0001,2026-01-05 12:58:04
USR0136,2026-01-05 13:19:57
USR0149,2026-01-05 14:06:18
USR0035,2026-01-05 14:32:46
USR0056,2026-01-05 15:19:07
USR0235,2026-01-05 15:32:21
USR0121,2026-01-05 15:58:49
USR0069,2026-01-05 16:06:28
USR0256,2026-01-05 16:19:42
USR0142,2026-01-05 16:45:10
USR0176,2026-01-05 18:19:52
USR0241,2026-01-05 18:58:34
USR0189,2026-01-05 19:06:13
USR0075,2026-01-05 19:32:41
USR0197,2026-01-06 08:06:24
USR0104,2026-01-06 09:19:13
USR0169,2026-01-06 09:58:55
USR0117,2026-01-06 10:06:34
USR0003,2026-01-06 10:32:02
USR0190,2026-01-06 10:45:16
USR0203,2026-01-06 11:32:37
USR0037,2026-01-06 12:06:44
USR0224,2026-01-06 12:19:58
USR0237,2026-01-06 13:06:19
USR0123,2026-01-06 13:32:47
USR0144,2026-01-06 14:19:08
USR0157,2026-01-06 15:06:29
USR0043,2026-01-06 15:32:57
USR0064,2026-01-06 16:19:18
USR0243,2026-01-06 16:32:32
USR0077,2026-01-06 17:06:39
USR0163,2026-01-06 18:32:42
USR0049,2026-01-06 18:58:10
USR0184,2026-01-06 19:19:03
USR0070,2026-01-06 19:45:31
USR0005,2026-01-07 08:06:00
USR0192,2026-01-07 08:19:14
USR0078,2026-01-07 08:45:42
USR0205,2026-01-07 09:06:35
USR0112,2026-01-07 10:19:24
USR0125,2026-01-07 11:06:45
USR0011,2026-01-07 11:32:13
USR0198,2026-01-07 11:45:27
USR0032,2026-01-07 12:19:34
USR0097,2026-01-07 12:58:16
USR0045,2026-01-07 13:06:55
USR0232,2026-01-07 13:19:09
USR0118,2026-01-07 13:45:37
USR0245,2026-01-07 14:06:30
USR0131,2026-01-07 14:32:58
USR0165,2026-01-07 16:06:40
USR0051,2026-01-07 16:32:08
USR0238,2026-01-07 16:45:22
USR0072,2026-01-07 17:19:29
USR0251,2026-01-07 17:32:43
USR0085,2026-01-07 18:06:50
USR0171,2026-01-07 19:32:53
USR0179,2026-01-08 08:32:04
USR0013,2026-01-08 09:06:11
USR0200,2026-01-08 09:19:25
USR0213,2026-01-08 10:06:46
USR0099,2026-01-08 10:32:14
USR0120,2026-01-08 11:19:35
USR0006,2026-01-08 11:45:03
USR0133,2026-01-08 12:06:56
USR0040,2026-01-08 13:19:45
USR0053,2026-01-08 14:06:06
USR0240,2026-01-08 14:19:20
USR0126,2026-01-08 14:45:48
USR0253,2026-01-08 15:06:41
USR0139,2026-01-08 15:32:09
USR0160,2026-01-08 16:19:30
USR0046,2026-01-08 16:45:58
USR0173,2026-01-08 17:06:51
USR0059,2026-01-08 17:32:19
USR0246,2026-01-08 17:45:33
USR0080,2026-01-08 18:19:40
USR0093,2026-01-08 19:06:01
USR0166,2026-01-08 19:45:43
USR0101,2026-01-09 08:06:12
USR0174,2026-01-09 08:45:54
USR0008,2026-01-09 09:19:01
USR0187,2026-01-09 09:32:15
USR0073,2026-01-09 09:58:43
USR0021,2026-01-09 10:06:22
USR0208,2026-01-09 10:19:36
USR0221,2026-01-09 11:06:57
USR0107,2026-01-09 11:32:25
USR0128,2026-01-09 12:19:46
USR0193,2026-01-09 12:58:28
USR0141,2026-01-09 13:06:07
USR0048,2026-01-09 14:19:56
USR0227,2026-01-09 14:32:10
USR0061,2026-01-09 15:06:17
USR0248,2026-01-09 15:19:31
USR0168,2026-01-09 17:19:41
USR0054,2026-01-09 17:45:09
USR0181,2026-01-09 18:06:02
USR0067,2026-01-09 18:32:30
USR0162,2026-01-12 08:05:44
USR0089,2026-01-12 08:26:02
USR0110,2026-01-12 09:13:23
USR0183,2026-01-12 09:52:05
USR0009,2026-01-12 10:26:12
USR0196,2026-01-12 10:39:26
USR0030,2026-01-12 11:13:33
USR0230,2026-01-12 12:13:08
USR0116,2026-01-12 12:39:36
USR0129,2026-01-12 13:26:57
USR0036,2026-01-12 14:39:46
USR0049,2026-01-12 15:26:07
USR0236,2026-01-12 15:39:21
USR0070,2026-01-12 16:13:28
USR0249,2026-01-12 16:26:42
USR0143,2026-01-12 16:52:10
USR0042,2026-01-12 17:05:59
USR0169,2026-01-12 18:26:52
USR0063,2026-01-12 18:52:20
USR0190,2026-01-12 19:13:13
USR0076,2026-01-12 19:39:41
USR0198,2026-01-13 08:13:24
USR0097,2026-01-13 09:26:13
USR0118,2026-01-13 10:13:34
USR0004,2026-01-13 10:39:02
USR0191,2026-01-13 10:52:16
USR0204,2026-01-13 11:39:37
USR0038,2026-01-13 12:13:44
USR0217,2026-01-13 12:26:58
USR0111,2026-01-13 12:52:26
USR0238,2026-01-13 13:13:19
USR0124,2026-01-13 13:39:47
USR0137,2026-01-13 14:26:08
USR0158,2026-01-13 15:13:29
USR0044,2026-01-13 15:39:57
USR0231,2026-01-13 15:52:11
USR0057,2026-01-13 16:26:18
USR0244,2026-01-13 16:39:32
USR0078,2026-01-13 17:13:39
USR0164,2026-01-13 18:39:42
USR0177,2026-01-13 19:26:03
USR0071,2026-01-13 19:52:31
USR0006,2026-01-14 08:13:00
USR0185,2026-01-14 08:26:14
USR0206,2026-01-14 09:13:35
USR0105,2026-01-14 10:26:24
USR0126,2026-01-14 11:13:45
USR0012,2026-01-14 11:39:13
USR0025,2026-01-14 12:26:34
USR0046,2026-01-14 13:13:55
USR0225,2026-01-14 13:26:09
USR0119,2026-01-14 13:52:37
USR0246,2026-01-14 14:13:30
USR0132,2026-01-14 14:39:58
USR0039,2026-01-14 15:52:47
USR0166,2026-01-14 16:13:40
USR0052,2026-01-14 16:39:08
USR0239,2026-01-14 16:52:22
USR0138,2026-01-14 17:05:11
USR0065,2026-01-14 17:26:29
USR0252,2026-01-14 17:39:43
USR0172,2026-01-14 19:39:53
USR0066,2026-01-15 08:05:32
USR0180,2026-01-15 08:39:04
USR0014,2026-01-15 09:13:11
USR0193,2026-01-15 09:26:25
USR0100,2026-01-15 10:39:14
USR0186,2026-01-15 11:05:17
USR0113,2026-01-15 11:26:35
USR0134,2026-01-15 12:13:56
USR0207,2026-01-15 12:52:38
USR0033,2026-01-15 13:26:45
USR0054,2026-01-15 14:13:06
USR0233,2026-01-15 14:26:20
USR0254,2026-01-15 15:13:41
USR0140,2026-01-15 15:39:09
USR0153,2026-01-15 16:26:30
USR0047,2026-01-15 16:52:58
USR0174,2026-01-15 17:13:51
USR0060,2026-01-15 17:39:19
USR0073,2026-01-15 18:26:40
USR0094,2026-01-15 19:13:01
USR0167,2026-01-15 19:52:43
USR0102,2026-01-16 08:13:12
USR0001,2026-01-16 09:26:01
USR0188,2026-01-16 09:39:15
USR0201,2026-01-16 10:26:36
USR0222,2026-01-16 11:13:57
USR0108,2026-01-16 11:39:25
USR0121,2026-01-16 12:26:46
USR0015,2026-01-16 12:52:14
USR0142,2026-01-16 13:13:07
USR0114,2026-01-16 14:05:38
USR0041,2026-01-16 14:26:56
USR0228,2026-01-16 14:39:10
USR0062,2026-01-16 15:13:17
USR0241,2026-01-16 15:26:31
USR0135,2026-01-16 15:52:59
USR0234,2026-01-16 17:05:23
USR0161,2026-01-16 17:26:41
USR0182,2026-01-16 18:13:02
USR0068,2026-01-16 18:39:30
USR0255,2026-01-16 18:52:44
USR0090,2026-01-19 08:33:02
USR0111,2026-01-19 09:20:23
USR0184,2026-01-19 09:59:05
USR0010,2026-01-19 10:33:12
USR0197,2026-01-19 10:46:26
USR0031,2026-01-19 11:20:33
USR0104,2026-01-19 11:59:15
USR0231,2026-01-19 12:20:08
USR0117,2026-01-19 12:46:36
USR0203,2026-01-19 13:12:39
USR0130,2026-01-19 13:33:57
USR0037,2026-01-19 14:46:46
USR0050,2026-01-19 15:33:07
USR0237,2026-01-19 15:46:21
USR0071,2026-01-19 16:20:28
USR0250,2026-01-19 16:33:42
USR0170,2026-01-19 18:33:52
USR0064,2026-01-19 18:59:20
USR0191,2026-01-19 19:20:13
USR0077,2026-01-19 19:46:41
USR0199,2026-01-20 08:20:24
USR0098,2026-01-20 09:33:13
USR0119,2026-01-20 10:20:34
USR0005,2026-01-20 10:46:02
USR0205,2026-01-20 11:46:37
USR0039,2026-01-20 12:20:44
USR0218,2026-01-20 12:33:58
USR0112,2026-01-20 12:59:26
USR0011,2026-01-20 13:12:15
USR0239,2026-01-20 13:20:19
USR0125,2026-01-20 13:46:47
USR0138,2026-01-20 14:33:08
USR0159,2026-01-20 15:20:29
USR0045,2026-01-20 15:46:57
USR0232,2026-01-20 15:59:11
USR0131,2026-01-20 16:12:00
USR0058,2026-01-20 16:33:18
USR0245,2026-01-20 16:46:32
USR0079,2026-01-20 17:20:39
USR0165,2026-01-20 18:46:42
USR0251,2026-01-20 19:12:45
USR0178,2026-01-20 19:33:03
USR0007,2026-01-21 08:20:00
USR0186,2026-01-21 08:33:14
USR0080,2026-01-21 08:59:42
USR0207,2026-01-21 09:20:35
USR0179,2026-01-21 10:12:06
USR0106,2026-01-21 10:33:24
USR0127,2026-01-21 11:20:45
USR0013,2026-01-21 11:46:13
USR0200,2026-01-21 11:59:27
USR0026,2026-01-21 12:33:34
USR0047,2026-01-21 13:20:55
USR0226,2026-01-21 13:33:09
USR0247,2026-01-21 14:20:30
USR0133,2026-01-21 14:46:58
USR0040,2026-01-21 15:59:47
USR0167,2026-01-21 16:20:40
USR0053,2026-01-21 16:46:08
USR0066,2026-01-21 17:33:29
USR0253,2026-01-21 17:46:43
USR0059,2026-01-21 19:12:21
USR0173,2026-01-21 19:46:53
USR0181,2026-01-22 08:46:04
USR0015,2026-01-22 09:20:11
USR0194,2026-01-22 09:33:25
USR0101,2026-01-22 10:46:14
USR0114,2026-01-22 11:33:35
USR0008,2026-01-22 11:59:03
USR0135,2026-01-22 12:20:56
USR0208,2026-01-22 12:59:38
USR0107,2026-01-22 13:12:27
USR0034,2026-01-22 13:33:45
USR0055,2026-01-22 14:20:06
USR0234,2026-01-22 14:33:20
USR0128,2026-01-22 14:59:48
USR0255,2026-01-22 15:20:41
USR0141,2026-01-22 15:46:09
USR0227,2026-01-22 16:12:12
USR0154,2026-01-22 16:33:30
USR0175,2026-01-22 17:20:51
USR0061,2026-01-22 17:46:19
USR0248,2026-01-22 17:59:33
USR0074,2026-01-22 18:33:40
USR0095,2026-01-22 19:20:01
USR0103,2026-01-23 08:20:12
USR0176,2026-01-23 08:59:54
USR0002,2026-01-23 09:33:01
USR0189,2026-01-23 09:46:15
USR0202,2026-01-23 10:33:36
USR0223,2026-01-23 11:20:57
USR0109,2026-01-23 11:46:25
USR0122,2026-01-23 12:33:46
USR0016,2026-01-23 12:59:14
USR0143,2026-01-23 13:20:07
USR0042,2026-01-23 14:33:56
USR0229,2026-01-23 14:46:10
USR0063,2026-01-23 15:20:17
USR0242,2026-01-23 15:33:31
USR0136,2026-01-23 15:59:59
USR0035,2026-01-23 16:12:48
USR0162,2026-01-23 17:33:41
USR0056,2026-01-23 17:59:09
USR0183,2026-01-23 18:20:02
USR0069,2026-01-23 18:46:30
USR0256,2026-01-23 18:59:44
USR0100,2026-03-02 08:00:12
USR0186,2026-03-02 09:26:15
USR0020,2026-03-02 10:00:22
USR0220,2026-03-02 11:00:57
USR0106,2026-03-02 11:26:25
USR0127,2026-03-02 12:13:46
USR0013,2026-03-02 12:39:14
USR0140,2026-03-02 13:00:07
USR0047,2026-03-02 14:13:56
USR0226,2026-03-02 14:26:10
USR0120,2026-03-02 14:52:38
USR0060,2026-03-02 15:00:17
USR0247,2026-03-02 15:13:31
USR0167,2026-03-02 17:13:41
USR0240,2026-03-02 17:52:23
USR0180,2026-03-02 18:00:02
USR0066,2026-03-02 18:26:30
USR0253,2026-03-02 18:39:44
USR0095,2026-03-03 08:13:02
USR0168,2026-03-03 08:52:44
USR0108,2026-03-03 09:00:23
USR0181,2026-03-03 09:39:05
USR0015,2026-03-03 10:13:12
USR0194,2026-03-03 10:26:26
USR0028,2026-03-03 11:00:33
USR0228,2026-03-03 12:00:08
USR0114,2026-03-03 12:26:36
USR0135,2026-03-03 13:13:57
USR0021,2026-03-03 13:39:25
USR0055,2026-03-03 15:13:07
USR0234,2026-03-03 15:26:21
USR0068,2026-03-03 16:00:28
USR0255,2026-03-03 16:13:42
USR0141,2026-03-03 16:39:10
USR0154,2026-03-03 17:26:31
USR0048,2026-03-03 17:52:59
USR0175,2026-03-03 18:13:52
USR0061,2026-03-03 18:39:20
USR0188,2026-03-03 19:00:13
USR0196,2026-03-04 08:00:24
USR0103,2026-03-04 09:13:13
USR0116,2026-03-04 10:00:34
USR0189,2026-03-04 10:39:16
USR0023,2026-03-04 11:13:23
USR0223,2026-03-04 12:13:58
USR0109,2026-03-04 12:39:26
USR0236,2026-03-04 13:00:19
USR0122,2026-03-04 13:26:47
USR0143,2026-03-04 14:13:08
USR0156,2026-03-04 15:00:29
USR0042,2026-03-04 15:26:57
USR0229,2026-03-04 15:39:11
USR0063,2026-03-04 16:13:18
USR0242,2026-03-04 16:26:32
USR0162,2026-03-04 18:26:42
USR0183,2026-03-04 19:13:03
USR0069,2026-03-04 19:39:31
USR0191,2026-03-05 08:13:14
USR0204,2026-03-05 09:00:35
USR0111,2026-03-05 10:13:24
USR0124,2026-03-05 11:00:45
USR0010,2026-03-05 11:26:13
USR0044,2026-03-05 13:00:55
USR0231,2026-03-05 13:13:09
USR0117,2026-03-05 13:39:37
USR0244,2026-03-05 14:00:30
USR0024,2026-03-05 14:52:26
USR0164,2026-03-05 16:00:40
USR0050,2026-03-05 16:26:08
USR0237,2026-03-05 16:39:22
USR0071,2026-03-05 17:13:29
USR0250,2026-03-05 17:26:43
USR0144,2026-03-05 17:52:11
USR0084,2026-03-05 18:00:50
USR0157,2026-03-05 18:39:32
USR0170,2026-03-05 19:26:53
USR0178,2026-03-06 08:26:04
USR0072,2026-03-06 08:52:32
USR0012,2026-03-06 09:00:11
USR0199,2026-03-06 09:13:25
USR0212,2026-03-06 10:00:46
USR0098,2026-03-06 10:26:14
USR0119,2026-03-06 11:13:35
USR0192,2026-03-06 11:52:17
USR0132,2026-03-06 12:00:56
USR0018,2026-03-06 12:26:24
USR0218,2026-03-06 13:26:59
USR0052,2026-03-06 14:00:06
USR0239,2026-03-06 14:13:20
USR0252,2026-03-06 15:00:41
USR0138,2026-03-06 15:26:09
USR0159,2026-03-06 16:13:30
USR0045,2026-03-06 16:39:58
USR0172,2026-03-06 17:00:51
USR0058,2026-03-06 17:26:19
USR0092,2026-03-06 19:00:01
USR0165,2026-03-06 19:39:43
USR0101,2026-03-09 08:07:12
USR0174,2026-03-09 08:46:54
USR0187,2026-03-09 09:33:15
USR0021,2026-03-09 10:07:22
USR0221,2026-03-09 11:07:57
USR0107,2026-03-09 11:33:25
USR0128,2026-03-09 12:20:46
USR0014,2026-03-09 12:46:14
USR0141,2026-03-09 13:07:07
USR0048,2026-03-09 14:20:56
USR0227,2026-03-09 14:33:10
USR0061,2026-03-09 15:07:17
USR0248,2026-03-09 15:20:31
USR0168,2026-03-09 17:20:41
USR0054,2026-03-09 17:46:09
USR0181,2026-03-09 18:07:02
USR0067,2026-03-09 18:33:30
USR0254,2026-03-09 18:46:44
USR0153,2026-03-09 19:59:33
USR0096,2026-03-10 08:20:02
USR0109,2026-03-10 09:07:23
USR0182,2026-03-10 09:46:05
USR0016,2026-03-10 10:20:12
USR0195,2026-03-10 10:33:26
USR0102,2026-03-10 11:46:15
USR0229,2026-03-10 12:07:08
USR0115,2026-03-10 12:33:36
USR0136,2026-03-10 13:20:57
USR0222,2026-03-10 14:46:00
USR0056,2026-03-10 15:20:07
USR0235,2026-03-10 15:33:21
USR0069,2026-03-10 16:07:28
USR0256,2026-03-10 16:20:42
USR0155,2026-03-10 17:33:31
USR0176,2026-03-10 18:20:52
USR0062,2026-03-10 18:46:20
USR0189,2026-03-10 19:07:13
USR0197,2026-03-11 08:07:24
USR0104,2026-03-11 09:20:13
USR0117,2026-03-11 10:07:34
USR0024,2026-03-11 11:20:23
USR0224,2026-03-11 12:20:58
USR0110,2026-03-11 12:46:26
USR0237,2026-03-11 13:07:19
USR0123,2026-03-11 13:33:47
USR0009,2026-03-11 13:59:15
USR0144,2026-03-11 14:20:08
USR0157,2026-03-11 15:07:29
USR0043,2026-03-11 15:33:57
USR0230,2026-03-11 15:46:11
USR0064,2026-03-11 16:20:18
USR0243,2026-03-11 16:33:32
USR0163,2026-03-11 18:33:42
USR0184,2026-03-11 19:20:03
USR0249,2026-03-11 19:59:45
USR0192,2026-03-12 08:20:14
USR0112,2026-03-12 10:20:24
USR0177,2026-03-12 10:59:06
USR0125,2026-03-12 11:07:45
USR0011,2026-03-12 11:33:13
USR0198,2026-03-12 11:46:27
USR0045,2026-03-12 13:07:55
USR0232,2026-03-12 13:20:09
USR0245,2026-03-12 14:07:30
USR0165,2026-03-12 16:07:40
USR0051,2026-03-12 16:33:08
USR0072,2026-03-12 17:20:29
USR0251,2026-03-12 17:33:43
USR0158,2026-03-12 18:46:32
USR0171,2026-03-12 19:33:53
USR0057,2026-03-12 19:59:21
USR0179,2026-03-13 08:33:04
USR0013,2026-03-13 09:07:11
USR0200,2026-03-13 09:20:25
USR0099,2026-03-13 10:33:14
USR0120,2026-03-13 11:20:35
USR0133,2026-03-13 12:07:56
USR0019,2026-03-13 12:33:24
USR0219,2026-03-13 13:33:59
USR0105,2026-03-13 13:59:27
USR0053,2026-03-13 14:07:06
USR0240,2026-03-13 14:20:20
USR0126,2026-03-13 14:46:48
USR0253,2026-03-13 15:07:41
USR0139,2026-03-13 15:33:09
USR0160,2026-03-13 16:20:30
USR0225,2026-03-13 16:59:12
USR0173,2026-03-13 17:07:51
USR0059,2026-03-13 17:33:19
USR0246,2026-03-13 17:46:33
USR0093,2026-03-13 19:07:01
USR0102,2026-03-16 08:14:12
USR0175,2026-03-16 08:53:54
USR0188,2026-03-16 09:40:15
USR0022,2026-03-16 10:14:22
USR0222,2026-03-16 11:14:57
USR0108,2026-03-16 11:40:25
USR0194,2026-03-16 12:06:28
USR0121,2026-03-16 12:27:46
USR0142,2026-03-16 13:14:07
USR0041,2026-03-16 14:27:56
USR0228,2026-03-16 14:40:10
USR0062,2026-03-16 15:14:17
USR0241,2026-03-16 15:27:31
USR0161,2026-03-16 17:27:41
USR0055,2026-03-16 17:53:09
USR0182,2026-03-16 18:14:02
USR0068,2026-03-16 18:40:30
USR0089,2026-03-17 08:27:02
USR0110,2026-03-17 09:14:23
USR0009,2026-03-17 10:27:12
USR0196,2026-03-17 10:40:26
USR0103,2026-03-17 11:53:15
USR0230,2026-03-17 12:14:08
USR0116,2026-03-17 12:40:36
USR0129,2026-03-17 13:27:57
USR0023,2026-03-17 13:53:25
USR0223,2026-03-17 14:53:00
USR0122,2026-03-17 15:06:49
USR0049,2026-03-17 15:27:07
USR0236,2026-03-17 15:40:21
USR0070,2026-03-17 16:14:28
USR0249,2026-03-17 16:27:42
USR0143,2026-03-17 16:53:10
USR0156,2026-03-17 17:40:31
USR0242,2026-03-17 18:06:34
USR0169,2026-03-17 18:27:52
USR0190,2026-03-17 19:14:13
USR0198,2026-03-18 08:14:24
USR0170,2026-03-18 09:06:55
USR0097,2026-03-18 09:27:13
USR0118,2026-03-18 10:14:34
USR0191,2026-03-18 10:53:16
USR0017,2026-03-18 11:27:23
USR0217,2026-03-18 12:27:58
USR0238,2026-03-18 13:14:19
USR0124,2026-03-18 13:40:47
USR0137,2026-03-18 14:27:08
USR0158,2026-03-18 15:14:29
USR0044,2026-03-18 15:40:57
USR0057,2026-03-18 16:27:18
USR0244,2026-03-18 16:40:32
USR0050,2026-03-18 18:06:10
USR0164,2026-03-18 18:40:42
USR0177,2026-03-18 19:27:03
USR0071,2026-03-18 19:53:31
USR0185,2026-03-19 08:27:14
USR0105,2026-03-19 10:27:24
USR0126,2026-03-19 11:14:45
USR0012,2026-03-19 11:40:13
USR0199,2026-03-19 11:53:27
USR0098,2026-03-19 12:06:16
USR0046,2026-03-19 13:14:55
USR0225,2026-03-19 13:27:09
USR0119,2026-03-19 13:53:37
USR0246,2026-03-19 14:14:30
USR0218,2026-03-19 15:06:01
USR0166,2026-03-19 16:14:40
USR0052,2026-03-19 16:40:08
USR0239,2026-03-19 16:53:22
USR0065,2026-03-19 17:27:29
USR0252,2026-03-19 17:40:43
USR0172,2026-03-19 19:40:53
USR0180,2026-03-20 08:40:04
USR0014,2026-03-20 09:14:11
USR0193,2026-03-20 09:27:25
USR0100,2026-03-20 10:40:14
USR0113,2026-03-20 11:27:35
USR0134,2026-03-20 12:14:56
USR0020,2026-03-20 12:40:24
USR0220,2026-03-20 13:40:59
USR0054,2026-03-20 14:14:06
USR0233,2026-03-20 14:27:20
USR0127,2026-03-20 14:53:48
USR0254,2026-03-20 15:14:41
USR0140,2026-03-20 15:40:09
USR0153,2026-03-20 16:27:30
USR0047,2026-03-20 16:53:58
USR0174,2026-03-20 17:14:51
USR0060,2026-03-20 17:40:19
USR0247,2026-03-20 17:53:33
USR0094,2026-03-20 19:14:01
USR0167,2026-03-20 19:53:43
USR0103,2026-03-23 08:21:12
USR0189,2026-03-23 09:47:15
USR0023,2026-03-23 10:21:22
USR0223,2026-03-23 11:21:57
USR0109,2026-03-23 11:47:25
USR0016,2026-03-23 12:00:14
USR0122,2026-03-23 12:34:46
USR0143,2026-03-23 13:21:07
USR0115,2026-03-23 14:13:38
USR0042,2026-03-23 14:34:56
USR0229,2026-03-23 14:47:10
USR0063,2026-03-23 15:21:17
USR0242,2026-03-23 15:34:31
USR0235,2026-03-23 17:13:23
USR0162,2026-03-23 17:34:41
USR0256,2026-03-23 18:00:44
USR0183,2026-03-23 18:21:02
USR0069,2026-03-23 18:47:30
USR0163,2026-03-24 08:13:44
USR0090,2026-03-24 08:34:02
USR0184,2026-03-24 09:00:05
USR0111,2026-03-24 09:21:23
USR0010,2026-03-24 10:34:12
USR0197,2026-03-24 10:47:26
USR0031,2026-03-24 11:21:33
USR0231,2026-03-24 12:21:08
USR0117,2026-03-24 12:47:36
USR0024,2026-03-24 13:00:25
USR0130,2026-03-24 13:34:57
USR0050,2026-03-24 15:34:07
USR0237,2026-03-24 15:47:21
USR0144,2026-03-24 16:00:10
USR0071,2026-03-24 16:21:28
USR0250,2026-03-24 16:34:42
USR0043,2026-03-24 17:13:59
USR0157,2026-03-24 17:47:31
USR0064,2026-03-24 18:00:20
USR0170,2026-03-24 18:34:52
USR0191,2026-03-24 19:21:13
USR0199,2026-03-25 08:21:24
USR0098,2026-03-25 09:34:13
USR0192,2026-03-25 10:00:16
USR0119,2026-03-25 10:21:34
USR0018,2026-03-25 11:34:23
USR0112,2026-03-25 12:00:26
USR0218,2026-03-25 12:34:58
USR0239,2026-03-25 13:21:19
USR0125,2026-03-25 13:47:47
USR0138,2026-03-25 14:34:08
USR0232,2026-03-25 15:00:11
USR0159,2026-03-25 15:21:29
USR0045,2026-03-25 15:47:57
USR0058,2026-03-25 16:34:18
USR0245,2026-03-25 16:47:32
USR0165,2026-03-25 18:47:42
USR0072,2026-03-25 19:00:31
USR0178,2026-03-25 19:34:03
USR0186,2026-03-26 08:34:14
USR0207,2026-03-26 09:21:35
USR0106,2026-03-26 10:34:24
USR0127,2026-03-26 11:21:45
USR0013,2026-03-26 11:47:13
USR0120,2026-03-26 13:00:37
USR0047,2026-03-26 13:21:55
USR0226,2026-03-26 13:34:09
USR0019,2026-03-26 14:13:26
USR0247,2026-03-26 14:21:30
USR0240,2026-03-26 16:00:22
USR0167,2026-03-26 16:21:40
USR0053,2026-03-26 16:47:08
USR0139,2026-03-26 17:13:11
USR0066,2026-03-26 17:34:29
USR0253,2026-03-26 17:47:43
USR0160,2026-03-26 18:00:32
USR0087,2026-03-26 18:21:50
USR0173,2026-03-26 19:47:53
USR0067,2026-03-27 08:13:32
USR0181,2026-03-27 08:47:04
USR0015,2026-03-27 09:21:11
USR0194,2026-03-27 09:34:25
USR0215,2026-03-27 10:21:46
USR0101,2026-03-27 10:47:14
USR0187,2026-03-27 11:13:17
USR0114,2026-03-27 11:34:35
USR0135,2026-03-27 12:21:56
USR0021,2026-03-27 12:47:24
USR0221,2026-03-27 13:47:59
USR0055,2026-03-27 14:21:06
USR0234,2026-03-27 14:34:20
USR0255,2026-03-27 15:21:41
USR0141,2026-03-27 15:47:09
USR0048,2026-03-27 16:00:58
USR0154,2026-03-27 16:34:30
USR0175,2026-03-27 17:21:51
USR0061,2026-03-27 17:47:19
USR0168,2026-03-27 19:00:43
USR0095,2026-03-27 19:21:01
USR0169,2026-03-30 08:07:54
USR0104,2026-03-30 08:28:12
USR0190,2026-03-30 09:54:15
USR0024,2026-03-30 10:28:22
USR0224,2026-03-30 11:28:57
USR0110,2026-03-30 11:54:25
USR0009,2026-03-30 12:07:14
USR0123,2026-03-30 12:41:46
USR0144,2026-03-30 13:28:07
USR0043,2026-03-30 14:41:56
USR0230,2026-03-30 14:54:10
USR0064,2026-03-30 15:28:17
USR0243,2026-03-30 15:41:31
USR0049,2026-03-30 17:07:09
USR0163,2026-03-30 17:41:41
USR0249,2026-03-30 18:07:44
USR0184,2026-03-30 18:28:02
USR0070,2026-03-30 18:54:30
USR0156,2026-03-30 19:20:33
USR0091,2026-03-31 08:41:02
USR0177,2026-03-31 09:07:05
USR0112,2026-03-31 09:28:23
USR0011,2026-03-31 10:41:12
USR0198,2026-03-31 10:54:26
USR0097,2026-03-31 11:07:15
USR0232,2026-03-31 12:28:08
USR0118,2026-03-31 12:54:36
USR0131,2026-03-31 13:41:57
USR0217,2026-03-31 14:07:00
USR0051,2026-03-31 15:41:07
USR0238,2026-03-31 15:54:21
USR0072,2026-03-31 16:28:28
USR0251,2026-03-31 16:41:42
USR0158,2026-03-31 17:54:31
USR0057,2026-03-31 18:07:20
USR0171,2026-03-31 18:41:52
USR0192,2026-03-31 19:28:13
USR0200,2026-04-01 08:28:24
USR0099,2026-04-01 09:41:13
USR0120,2026-04-01 10:28:34
USR0019,2026-04-01 11:41:23
USR0105,2026-04-01 12:07:26
USR0219,2026-04-01 12:41:58
USR0012,2026-04-01 13:20:15
USR0240,2026-04-01 13:28:19
USR0126,2026-04-01 13:54:47
USR0139,2026-04-01 14:41:08
USR0225,2026-04-01 15:07:11
USR0160,2026-04-01 15:28:29
USR0046,2026-04-01 15:54:57
USR0059,2026-04-01 16:41:18
USR0246,2026-04-01 16:54:32
USR0166,2026-04-01 18:54:42
USR0252,2026-04-01 19:20:45
USR0179,2026-04-01 19:41:03
USR0187,2026-04-02 08:41:14
USR0180,2026-04-02 10:20:06
USR0107,2026-04-02 10:41:24
USR0193,2026-04-02 11:07:27
USR0128,2026-04-02 11:28:45
USR0014,2026-04-02 11:54:13
USR0048,2026-04-02 13:28:55
USR0227,2026-04-02 13:41:09
USR0248,2026-04-02 14:28:30
USR0168,2026-04-02 16:28:40
USR0054,2026-04-02 16:54:08
USR0067,2026-04-02 17:41:29
USR0254,2026-04-02 17:54:43
USR0153,2026-04-02 18:07:32
USR0060,2026-04-02 19:20:21
USR0174,2026-04-02 19:54:53
USR0182,2026-04-03 08:54:04
USR0016,2026-04-03 09:28:11
USR0195,2026-04-03 09:41:25
USR0102,2026-04-03 10:54:14
USR0115,2026-04-03 11:41:35
USR0136,2026-04-03 12:28:56
USR0022,2026-04-03 12:54:24
USR0108,2026-04-03 13:20:27
USR0222,2026-04-03 13:54:59
USR0121,2026-04-03 14:07:48
USR0056,2026-04-03 14:28:06
USR0235,2026-04-03 14:41:20
USR0256,2026-04-03 15:28:41
USR0142,2026-04-03 15:54:09
USR0228,2026-04-03 16:20:12
USR0155,2026-04-03 16:41:30
USR0241,2026-04-03 17:07:33
USR0176,2026-04-03 17:28:51
USR0062,2026-04-03 17:54:19
USR0096,2026-04-03 19:28:01
USR0170,2026-04-06 08:14:54
USR0097,2026-04-06 08:35:12
USR0191,2026-04-06 09:01:15
USR0111,2026-04-06 11:01:25
USR0217,2026-04-06 11:35:57
USR0124,2026-04-06 12:48:46
USR0137,2026-04-06 13:35:07
USR0231,2026-04-06 14:01:10
USR0044,2026-04-06 14:48:56
USR0057,2026-04-06 15:35:17
USR0244,2026-04-06 15:48:31
USR0050,2026-04-06 17:14:09
USR0164,2026-04-06 17:48:41
USR0177,2026-04-06 18:35:02
USR0092,2026-04-07 08:48:02
USR0105,2026-04-07 09:35:23
USR0012,2026-04-07 10:48:12
USR0098,2026-04-07 11:14:15
USR0119,2026-04-07 12:01:36
USR0225,2026-04-07 12:35:08
USR0132,2026-04-07 13:48:57
USR0218,2026-04-07 14:14:00
USR0239,2026-04-07 15:01:21
USR0125,2026-04-07 15:27:49
USR0052,2026-04-07 15:48:07
USR0138,2026-04-07 16:14:10
USR0252,2026-04-07 16:48:42
USR0159,2026-04-07 17:01:31
USR0245,2026-04-07 18:27:34
USR0172,2026-04-07 18:48:52
USR0185,2026-04-07 19:35:13
USR0173,2026-04-08 09:27:55
USR0100,2026-04-08 09:48:13
USR0186,2026-04-08 10:14:16
USR0113,2026-04-08 10:35:34
USR0220,2026-04-08 12:48:58
USR0127,2026-04-08 13:01:47
USR0233,2026-04-08 13:35:19
USR0140,2026-04-08 14:48:08
USR0047,2026-04-08 15:01:57
USR0153,2026-04-08 15:35:29
USR0247,2026-04-08 16:01:32
USR0060,2026-04-08 16:48:18
USR0167,2026-04-08 18:01:42
USR0053,2026-04-08 18:27:10
USR0180,2026-04-08 19:48:03
USR0188,2026-04-09 08:48:14
USR0108,2026-04-09 10:48:24
USR0015,2026-04-09 11:01:13
USR0121,2026-04-09 11:35:45
USR0101,2026-04-09 12:27:16
USR0114,2026-04-09 13:14:37
USR0041,2026-04-09 13:35:55
USR0228,2026-04-09 13:48:09
USR0241,2026-04-09 14:35:30
USR0221,2026-04-09 15:27:01
USR0055,2026-04-09 16:01:08
USR0234,2026-04-09 16:14:22
USR0161,2026-04-09 16:35:40
USR0255,2026-04-09 17:01:43
USR0175,2026-04-09 19:01:53
USR0183,2026-04-10 08:01:04
USR0009,2026-04-10 09:35:11
USR0103,2026-04-10 10:01:14
USR0116,2026-04-10 11:48:35
USR0129,2026-04-10 12:35:56
USR0223,2026-04-10 13:01:59
USR0122,2026-04-10 14:14:48
USR0049,2026-04-10 14:35:06
USR0236,2026-04-10 14:48:20
USR0143,2026-04-10 15:01:09
USR0249,2026-04-10 15:35:41
USR0042,2026-04-10 16:14:58
USR0156,2026-04-10 16:48:30
USR0063,2026-04-10 17:01:19
USR0242,2026-04-10 17:14:33
USR0169,2026-04-10 17:35:51
USR0162,2026-04-10 19:14:43
USR0089,2026-04-10 19:35:01
USR0098,2026-04-13 08:42:12
USR0192,2026-04-13 09:08:15
USR0112,2026-04-13 11:08:25
USR0218,2026-04-13 11:42:57
USR0011,2026-04-13 12:21:14
USR0125,2026-04-13 12:55:46
USR0138,2026-04-13 13:42:07
USR0232,2026-04-13 14:08:10
USR0118,2026-04-13 14:34:38
USR0045,2026-04-13 14:55:56
USR0058,2026-04-13 15:42:17
USR0245,2026-04-13 15:55:31
USR0238,2026-04-13 17:34:23
USR0165,2026-04-13 17:55:41
USR0251,2026-04-13 18:21:44
USR0178,2026-04-13 18:42:02
USR0166,2026-04-14 08:34:44
USR0093,2026-04-14 08:55:02
USR0179,2026-04-14 09:21:05
USR0106,2026-04-14 09:42:23
USR0013,2026-04-14 10:55:12
USR0026,2026-04-14 11:42:33
USR0120,2026-04-14 12:08:36
USR0226,2026-04-14 12:42:08
USR0133,2026-04-14 13:55:57
USR0240,2026-04-14 15:08:21
USR0053,2026-04-14 15:55:07
USR0139,2026-04-14 16:21:10
USR0253,2026-04-14 16:55:42
USR0160,2026-04-14 17:08:31
USR0046,2026-04-14 17:34:59
USR0059,2026-04-14 18:21:20
USR0173,2026-04-14 18:55:52
USR0186,2026-04-14 19:42:13
USR0101,2026-04-15 09:55:13
USR0187,2026-04-15 10:21:16
USR0114,2026-04-15 10:42:34
USR0107,2026-04-15 12:21:26
USR0221,2026-04-15 12:55:58
USR0128,2026-04-15 13:08:47
USR0234,2026-04-15 13:42:19
USR0141,2026-04-15 14:55:08
USR0048,2026-04-15 15:08:57
USR0227,2026-04-15 15:21:11
USR0154,2026-04-15 15:42:29
USR0248,2026-04-15 16:08:32
USR0061,2026-04-15 16:55:18
USR0168,2026-04-15 18:08:42
USR0181,2026-04-15 19:55:03
USR0189,2026-04-16 08:55:14
USR0202,2026-04-16 09:42:35
USR0109,2026-04-16 10:55:24
USR0016,2026-04-16 11:08:13
USR0122,2026-04-16 11:42:45
USR0115,2026-04-16 13:21:37
USR0042,2026-04-16 13:42:55
USR0229,2026-04-16 13:55:09
USR0242,2026-04-16 14:42:30
USR0056,2026-04-16 16:08:08
USR0235,2026-04-16 16:21:22
USR0162,2026-04-16 16:42:40
USR0256,2026-04-16 17:08:43
USR0142,2026-04-16 17:34:11
USR0155,2026-04-16 18:21:32
USR0082,2026-04-16 18:42:50
USR0176,2026-04-16 19:08:53
USR0184,2026-04-17 08:08:04
USR0010,2026-04-17 09:42:11
USR0104,2026-04-17 10:08:14
USR0210,2026-04-17 10:42:46
USR0190,2026-04-17 11:34:17
USR0117,2026-04-17 11:55:35
USR0130,2026-04-17 12:42:56
USR0224,2026-04-17 13:08:59
USR0050,2026-04-17 14:42:06
USR0237,2026-04-17 14:55:20
USR0144,2026-04-17 15:08:09
USR0250,2026-04-17 15:42:41
USR0043,2026-04-17 16:21:58
USR0157,2026-04-17 16:55:30
USR0064,2026-04-17 17:08:19
USR0170,2026-04-17 17:42:51
USR0163,2026-04-17 19:21:43
USR0090,2026-04-17 19:42:01
USR0172,2026-04-20 08:28:54
USR0099,2026-04-20 08:49:12
USR0185,2026-04-20 09:15:15
USR0105,2026-04-20 11:15:25
USR0219,2026-04-20 11:49:57
USR0126,2026-04-20 12:02:46
USR0012,2026-04-20 12:28:14
USR0139,2026-04-20 13:49:07
USR0046,2026-04-20 14:02:56
USR0225,2026-04-20 14:15:10
USR0246,2026-04-20 15:02:31
USR0059,2026-04-20 15:49:17
USR0166,2026-04-20 17:02:41
USR0052,2026-04-20 17:28:09
USR0252,2026-04-20 18:28:44
USR0179,2026-04-20 18:49:02
USR0159,2026-04-20 19:41:33
USR0094,2026-04-21 08:02:02
USR0180,2026-04-21 09:28:05
USR0107,2026-04-21 09:49:23
USR0014,2026-04-21 10:02:12
USR0100,2026-04-21 11:28:15
USR0113,2026-04-21 12:15:36
USR0227,2026-04-21 12:49:08
USR0134,2026-04-21 13:02:57
USR0220,2026-04-21 14:28:00
USR0054,2026-04-21 15:02:07
USR0233,2026-04-21 15:15:21
USR0254,2026-04-21 16:02:42
USR0153,2026-04-21 17:15:31
USR0174,2026-04-21 18:02:52
USR0060,2026-04-21 18:28:20
USR0187,2026-04-21 19:49:13
USR0102,2026-04-22 09:02:13
USR0115,2026-04-22 10:49:34
USR0222,2026-04-22 12:02:58
USR0108,2026-04-22 12:28:26
USR0121,2026-04-22 13:15:47
USR0015,2026-04-22 13:41:15
USR0235,2026-04-22 13:49:19
USR0142,2026-04-22 14:02:08
USR0041,2026-04-22 15:15:57
USR0228,2026-04-22 15:28:11
USR0155,2026-04-22 15:49:29
USR0062,2026-04-22 16:02:18
USR0241,2026-04-22 16:15:32
USR0161,2026-04-22 18:15:42
USR0182,2026-04-22 19:02:03
USR0255,2026-04-22 19:41:45
USR0190,2026-04-23 08:02:14
USR0110,2026-04-23 10:02:24
USR0183,2026-04-23 10:41:06
USR0009,2026-04-23 11:15:13
USR0123,2026-04-23 11:49:45
USR0230,2026-04-23 13:02:09
USR0043,2026-04-23 13:49:55
USR0243,2026-04-23 14:49:30
USR0049,2026-04-23 16:15:08
USR0163,2026-04-23 16:49:40
USR0249,2026-04-23 17:15:43
USR0156,2026-04-23 18:28:32
USR0169,2026-04-23 19:15:53
USR0063,2026-04-23 19:41:21
USR0177,2026-04-24 08:15:04
USR0011,2026-04-24 09:49:11
USR0097,2026-04-24 10:15:14
USR0118,2026-04-24 11:02:35
USR0131,2026-04-24 12:49:56
USR0217,2026-04-24 13:15:59
USR0111,2026-04-24 13:41:27
USR0238,2026-04-24 14:02:20
USR0124,2026-04-24 14:28:48
USR0051,2026-04-24 14:49:06
USR0137,2026-04-24 15:15:09
USR0251,2026-04-24 15:49:41
USR0158,2026-04-24 16:02:30
USR0231,2026-04-24 16:41:12
USR0057,2026-04-24 17:15:19
USR0244,2026-04-24 17:28:33
USR0171,2026-04-24 17:49:51
USR0091,2026-04-24 19:49:01
USR0173,2026-04-27 08:35:54
USR0100,2026-04-27 08:56:12
USR0186,2026-04-27 09:22:15
USR0106,2026-04-27 11:22:25
USR0220,2026-04-27 11:56:57
USR0127,2026-04-27 12:09:46
USR0140,2026-04-27 13:56:07
USR0047,2026-04-27 14:09:56
USR0226,2026-04-27 14:22:10
USR0247,2026-04-27 15:09:31
USR0060,2026-04-27 15:56:17
USR0167,2026-04-27 17:09:41
USR0053,2026-04-27 17:35:09
USR0180,2026-04-27 18:56:02
USR0095,2026-04-28 08:09:02
USR0108,2026-04-28 09:56:23
USR0015,2026-04-28 10:09:12
USR0101,2026-04-28 11:35:15
USR0114,2026-04-28 12:22:36
USR0228,2026-04-28 12:56:08
USR0135,2026-04-28 13:09:57
USR0221,2026-04-28 14:35:00
USR0055,2026-04-28 15:09:07
USR0234,2026-04-28 15:22:21
USR0128,2026-04-28 15:48:49
USR0255,2026-04-28 16:09:42
USR0141,2026-04-28 16:35:10
USR0154,2026-04-28 17:22:31
USR0175,2026-04-28 18:09:52
USR0248,2026-04-28 18:48:34
USR0188,2026-04-28 19:56:13
USR0103,2026-04-29 09:09:13
USR0176,2026-04-29 09:48:55
USR0189,2026-04-29 10:35:16
USR0116,2026-04-29 10:56:34
USR0223,2026-04-29 12:09:58
USR0122,2026-04-29 13:22:47
USR0236,2026-04-29 13:56:19
USR0143,2026-04-29 14:09:08
USR0042,2026-04-29 15:22:57
USR0156,2026-04-29 15:56:29
USR0063,2026-04-29 16:09:18
USR0242,2026-04-29 16:22:32
USR0162,2026-04-29 18:22:42
USR0056,2026-04-29 18:48:10
USR0183,2026-04-29 19:09:03
USR0191,2026-04-30 08:09:14
USR0111,2026-04-30 10:09:24
USR0010,2026-04-30 11:22:13
USR0124,2026-04-30 11:56:45
USR0104,2026-04-30 12:48:16
USR0231,2026-04-30 13:09:09
USR0117,2026-04-30 13:35:37
USR0044,2026-04-30 13:56:55
USR0244,2026-04-30 14:56:30
USR0224,2026-04-30 15:48:01
USR0050,2026-04-30 16:22:08
USR0237,2026-04-30 16:35:22
USR0164,2026-04-30 16:56:40
USR0250,2026-04-30 17:22:43
USR0170,2026-04-30 19:22:53
USR0178,2026-05-01 08:22:04
USR0012,2026-05-01 09:56:11
USR0098,2026-05-01 10:22:14
USR0119,2026-05-01 11:09:35
USR0132,2026-05-01 12:56:56
USR0218,2026-05-01 13:22:59
USR0239,2026-05-01 14:09:20
USR0125,2026-05-01 14:35:48
USR0052,2026-05-01 14:56:06
USR0138,2026-05-01 15:22:09
USR0252,2026-05-01 15:56:41
USR0159,2026-05-01 16:09:30
USR0045,2026-05-01 16:35:58
USR0058,2026-05-01 17:22:19
USR0245,2026-05-01 17:35:33
USR0172,2026-05-01 17:56:51
USR0165,2026-05-01 19:35:43
USR0092,2026-05-01 19:56:01
USR0101,2026-05-04 08:03:12
USR0187,2026-05-04 09:29:15
USR0221,2026-05-04 11:03:57
USR0107,2026-05-04 11:29:25
USR0128,2026-05-04 12:16:46
USR0014,2026-05-04 12:42:14
USR0141,2026-05-04 13:03:07
USR0048,2026-05-04 14:16:56
USR0227,2026-05-04 14:29:10
USR0113,2026-05-04 14:55:38
USR0061,2026-05-04 15:03:17
USR0248,2026-05-04 15:16:31
USR0168,2026-05-04 17:16:41
USR0233,2026-05-04 17:55:23
USR0181,2026-05-04 18:03:02
USR0254,2026-05-04 18:42:44
USR0096,2026-05-05 08:16:02
USR0161,2026-05-05 08:55:44
USR0109,2026-05-05 09:03:23
USR0182,2026-05-05 09:42:05
USR0016,2026-05-05 10:16:12
USR0029,2026-05-05 11:03:33
USR0229,2026-05-05 12:03:08
USR0115,2026-05-05 12:29:36
USR0136,2026-05-05 13:16:57
USR0056,2026-05-05 15:16:07
USR0235,2026-05-05 15:29:21
USR0256,2026-05-05 16:16:42
USR0142,2026-05-05 16:42:10
USR0155,2026-05-05 17:29:31
USR0041,2026-05-05 17:55:59
USR0176,2026-05-05 18:16:52
USR0062,2026-05-05 18:42:20
USR0189,2026-05-05 19:03:13
USR0104,2026-05-06 09:16:13
USR0117,2026-05-06 10:03:34
USR0190,2026-05-06 10:42:16
USR0224,2026-05-06 12:16:58
USR0110,2026-05-06 12:42:26
USR0237,2026-05-06 13:03:19
USR0123,2026-05-06 13:29:47
USR0144,2026-05-06 14:16:08
USR0157,2026-05-06 15:03:29
USR0043,2026-05-06 15:29:57
USR0230,2026-05-06 15:42:11
USR0064,2026-05-06 16:16:18
USR0243,2026-05-06 16:29:32
USR0163,2026-05-06 18:29:42
USR0184,2026-05-06 19:16:03
USR0192,2026-05-07 08:16:14
USR0205,2026-05-07 09:03:35
USR0112,2026-05-07 10:16:24
USR0125,2026-05-07 11:03:45
USR0011,2026-05-07 11:29:13
USR0045,2026-05-07 13:03:55
USR0232,2026-05-07 13:16:09
USR0118,2026-05-07 13:42:37
USR0245,2026-05-07 14:03:30
USR0165,2026-05-07 16:03:40
USR0051,2026-05-07 16:29:08
USR0238,2026-05-07 16:42:22
USR0251,2026-05-07 17:29:43
USR0137,2026-05-07 17:55:11
USR0085,2026-05-07 18:03:50
USR0158,2026-05-07 18:42:32
USR0171,2026-05-07 19:29:53
USR0179,2026-05-08 08:29:04
USR0013,2026-05-08 09:03:11
USR0213,2026-05-08 10:03:46
USR0099,2026-05-08 10:29:14
USR0120,2026-05-08 11:16:35
USR0185,2026-05-08 11:55:17
USR0133,2026-05-08 12:03:56
USR0219,2026-05-08 13:29:59
USR0053,2026-05-08 14:03:06
USR0240,2026-05-08 14:16:20
USR0253,2026-05-08 15:03:41
USR0139,2026-05-08 15:29:09
USR0160,2026-05-08 16:16:30
USR0046,2026-05-08 16:42:58
USR0173,2026-05-08 17:03:51
USR0059,2026-05-08 17:29:19
USR0093,2026-05-08 19:03:01
USR0166,2026-05-08 19:42:43
USR0102,2026-05-11 08:10:12
USR0175,2026-05-11 08:49:54
USR0188,2026-05-11 09:36:15
USR0222,2026-05-11 11:10:57
USR0108,2026-05-11 11:36:25
USR0121,2026-05-11 12:23:46
USR0015,2026-05-11 12:49:14
USR0142,2026-05-11 13:10:07
USR0041,2026-05-11 14:23:56
USR0228,2026-05-11 14:36:10
USR0062,2026-05-11 15:10:17
USR0241,2026-05-11 15:23:31
USR0161,2026-05-11 17:23:41
USR0055,2026-05-11 17:49:09
USR0182,2026-05-11 18:10:02
USR0255,2026-05-11 18:49:44
USR0154,2026-05-11 19:02:33
USR0089,2026-05-12 08:23:02
USR0110,2026-05-12 09:10:23
USR0183,2026-05-12 09:49:05
USR0009,2026-05-12 10:23:12
USR0103,2026-05-12 11:49:15
USR0230,2026-05-12 12:10:08
USR0116,2026-05-12 12:36:36
USR0129,2026-05-12 13:23:57
USR0223,2026-05-12 14:49:00
USR0049,2026-05-12 15:23:07
USR0236,2026-05-12 15:36:21
USR0249,2026-05-12 16:23:42
USR0156,2026-05-12 17:36:31
USR0169,2026-05-12 18:23:52
USR0063,2026-05-12 18:49:20
USR0190,2026-05-12 19:10:13
USR0097,2026-05-13 09:23:13
USR0118,2026-05-13 10:10:34
USR0217,2026-05-13 12:23:58
USR0111,2026-05-13 12:49:26
USR0010,2026-05-13 13:02:15
USR0238,2026-05-13 13:10:19
USR0124,2026-05-13 13:36:47
USR0137,2026-05-13 14:23:08
USR0158,2026-05-13 15:10:29
USR0044,2026-05-13 15:36:57
USR0231,2026-05-13 15:49:11
USR0057,2026-05-13 16:23:18
USR0244,2026-05-13 16:36:32
USR0164,2026-05-13 18:36:42
USR0250,2026-05-13 19:02:45
USR0177,2026-05-13 19:23:03
USR0185,2026-05-14 08:23:14
USR0178,2026-05-14 10:02:06
USR0105,2026-05-14 10:23:24
USR0126,2026-05-14 11:10:45
USR0012,2026-05-14 11:36:13
USR0046,2026-05-14 13:10:55
USR0225,2026-05-14 13:23:09
USR0246,2026-05-14 14:10:30
USR0166,2026-05-14 16:10:40
USR0052,2026-05-14 16:36:08
USR0252,2026-05-14 17:36:43
USR0159,2026-05-14 18:49:32
USR0058,2026-05-14 19:02:21
USR0172,2026-05-14 19:36:53
USR0180,2026-05-15 08:36:04
USR0014,2026-05-15 09:10:11
USR0100,2026-05-15 10:36:14
USR0113,2026-05-15 11:23:35
USR0134,2026-05-15 12:10:56
USR0106,2026-05-15 13:02:27
USR0220,2026-05-15 13:36:59
USR0054,2026-05-15 14:10:06
USR0233,2026-05-15 14:23:20
USR0127,2026-05-15 14:49:48
USR0254,2026-05-15 15:10:41
USR0140,2026-05-15 15:36:09
USR0226,2026-05-15 16:02:12
USR0153,2026-05-15 16:23:30
USR0174,2026-05-15 17:10:51
USR0060,2026-05-15 17:36:19
USR0247,2026-05-15 17:49:33
USR0094,2026-05-15 19:10:01
USR0103,2026-05-18 08:17:12
USR0176,2026-05-18 08:56:54
USR0189,2026-05-18 09:43:15
USR0223,2026-05-18 11:17:57
USR0109,2026-05-18 11:43:25
USR0122,2026-05-18 12:30:46
USR0143,2026-05-18 13:17:07
USR0042,2026-05-18 14:30:56
USR0229,2026-05-18 14:43:10
USR0063,2026-05-18 15:17:17
USR0242,2026-05-18 15:30:31
USR0162,2026-05-18 17:30:41
USR0056,2026-05-18 17:56:09
USR0183,2026-05-18 18:17:02
USR0090,2026-05-19 08:30:02
USR0111,2026-05-19 09:17:23
USR0010,2026-05-19 10:30:12
USR0104,2026-05-19 11:56:15
USR0231,2026-05-19 12:17:08
USR0117,2026-05-19 12:43:36
USR0130,2026-05-19 13:30:57
USR0224,2026-05-19 14:56:00
USR0123,2026-05-19 15:09:49
USR0050,2026-05-19 15:30:07
USR0237,2026-05-19 15:43:21
USR0250,2026-05-19 16:30:42
USR0144,2026-05-19 16:56:10
USR0157,2026-05-19 17:43:31
USR0243,2026-05-19 18:09:34
USR0170,2026-05-19 18:30:52
USR0191,2026-05-19 19:17:13
USR0171,2026-05-20 09:09:55
USR0098,2026-05-20 09:30:13
USR0119,2026-05-20 10:17:34
USR0192,2026-05-20 10:56:16
USR0218,2026-05-20 12:30:58
USR0239,2026-05-20 13:17:19
USR0125,2026-05-20 13:43:47
USR0138,2026-05-20 14:30:08
USR0159,2026-05-20 15:17:29
USR0045,2026-05-20 15:43:57
USR0058,2026-05-20 16:30:18
USR0245,2026-05-20 16:43:32
USR0051,2026-05-20 18:09:10
USR0165,2026-05-20 18:43:42
USR0178,2026-05-20 19:30:03
USR0186,2026-05-21 08:30:14
USR0106,2026-05-21 10:30:24
USR0127,2026-05-21 11:17:45
USR0013,2026-05-21 11:43:13
USR0099,2026-05-21 12:09:16
USR0047,2026-05-21 13:17:55
USR0226,2026-05-21 13:30:09
USR0120,2026-05-21 13:56:37
USR0247,2026-05-21 14:17:30
USR0219,2026-05-21 15:09:01
USR0167,2026-05-21 16:17:40
USR0053,2026-05-21 16:43:08
USR0240,2026-05-21 16:56:22
USR0253,2026-05-21 17:43:43
USR0173,2026-05-21 19:43:53
USR0181,2026-05-22 08:43:04
USR0015,2026-05-22 09:17:11
USR0101,2026-05-22 10:43:14
USR0114,2026-05-22 11:30:35
USR0135,2026-05-22 12:17:56
USR0221,2026-05-22 13:43:59
USR0055,2026-05-22 14:17:06
USR0234,2026-05-22 14:30:20
USR0128,2026-05-22 14:56:48
USR0255,2026-05-22 15:17:41
USR0141,2026-05-22 15:43:09
USR0154,2026-05-22 16:30:30
USR0048,2026-05-22 16:56:58
USR0175,2026-05-22 17:17:51
USR0061,2026-05-22 17:43:19
USR0248,2026-05-22 17:56:33
USR0095,2026-05-22 19:17:01
USR0168,2026-05-22 19:56:43
USR0104,2026-05-25 08:24:12
USR0190,2026-05-25 09:50:15
USR0224,2026-05-25 11:24:57
USR0110,2026-05-25 11:50:25
USR0009,2026-05-25 12:03:14
USR0123,2026-05-25 12:37:46
USR0144,2026-05-25 13:24:07
USR0116,2026-05-25 14:16:38
USR0043,2026-05-25 14:37:56
USR0230,2026-05-25 14:50:10
USR0064,2026-05-25 15:24:17
USR0243,2026-05-25 15:37:31
USR0236,2026-05-25 17:16:23
USR0163,2026-05-25 17:37:41
USR0249,2026-05-25 18:03:44
USR0184,2026-05-25 18:24:02
USR0164,2026-05-26 08:16:44
USR0091,2026-05-26 08:37:02
USR0177,2026-05-26 09:03:05
USR0112,2026-05-26 09:24:23
USR0011,2026-05-26 10:37:12
USR0032,2026-05-26 11:24:33
USR0232,2026-05-26 12:24:08
USR0118,2026-05-26 12:50:36
USR0131,2026-05-26 13:37:57
USR0051,2026-05-26 15:37:07
USR0238,2026-05-26 15:50:21
USR0137,2026-05-26 16:03:10
USR0251,2026-05-26 16:37:42
USR0044,2026-05-26 17:16:59
USR0158,2026-05-26 17:50:31
USR0057,2026-05-26 18:03:20
USR0171,2026-05-26 18:37:52
USR0192,2026-05-26 19:24:13
USR0099,2026-05-27 09:37:13
USR0185,2026-05-27 10:03:16
USR0120,2026-05-27 10:24:34
USR0105,2026-05-27 12:03:26
USR0219,2026-05-27 12:37:58
USR0240,2026-05-27 13:24:19
USR0126,2026-05-27 13:50:47
USR0139,2026-05-27 14:37:08
USR0225,2026-05-27 15:03:11
USR0160,2026-05-27 15:24:29
USR0046,2026-05-27 15:50:57
USR0059,2026-05-27 16:37:18
USR0246,2026-05-27 16:50:32
USR0166,2026-05-27 18:50:42
USR0179,2026-05-27 19:37:03
USR0187,2026-05-28 08:37:14
USR0208,2026-05-28 09:24:35
USR0107,2026-05-28 10:37:24
USR0128,2026-05-28 11:24:45
USR0014,2026-05-28 11:50:13
USR0113,2026-05-28 13:03:37
USR0048,2026-05-28 13:24:55
USR0227,2026-05-28 13:37:09
USR0248,2026-05-28 14:24:30
USR0233,2026-05-28 16:03:22
USR0168,2026-05-28 16:24:40
USR0054,2026-05-28 16:50:08
USR0140,2026-05-28 17:16:11
USR0254,2026-05-28 17:50:43
USR0153,2026-05-28 18:03:32
USR0088,2026-05-28 18:24:50
USR0174,2026-05-28 19:50:53
USR0182,2026-05-29 08:50:04
USR0016,2026-05-29 09:24:11
USR0216,2026-05-29 10:24:46
USR0102,2026-05-29 10:50:14
USR0188,2026-05-29 11:16:17
USR0115,2026-05-29 11:37:35
USR0136,2026-05-29 12:24:56
USR0222,2026-05-29 13:50:59
USR0056,2026-05-29 14:24:06
USR0235,2026-05-29 14:37:20
USR0256,2026-05-29 15:24:41
USR0142,2026-05-29 15:50:09
USR0041,2026-05-29 16:03:58
USR0155,2026-05-29 16:37:30
USR0176,2026-05-29 17:24:51
USR0062,2026-05-29 17:50:19
USR0161,2026-05-29 19:03:43
USR0096,2026-05-29 19:24:01
USR0170,2026-06-01 08:10:54
USR0097,2026-06-01 08:31:12
USR0191,2026-06-01 09:57:15
USR0217,2026-06-01 11:31:57
USR0111,2026-06-01 11:57:25
USR0010,2026-06-01 12:10:14
USR0124,2026-06-01 12:44:46
USR0137,2026-06-01 13:31:07
USR0044,2026-06-01 14:44:56
USR0231,2026-06-01 14:57:10
USR0057,2026-06-01 15:31:17
USR0244,2026-06-01 15:44:31
USR0050,2026-06-01 17:10:09
USR0164,2026-06-01 17:44:41
USR0250,2026-06-01 18:10:44
USR0177,2026-06-01 18:31:02
USR0157,2026-06-01 19:23:33
USR0092,2026-06-02 08:44:02
USR0178,2026-06-02 09:10:05
USR0105,2026-06-02 09:31:23
USR0012,2026-06-02 10:44:12
USR0098,2026-06-02 11:10:15
USR0225,2026-06-02 12:31:08
USR0119,2026-06-02 12:57:36
USR0132,2026-06-02 13:44:57
USR0218,2026-06-02 14:10:00
USR0052,2026-06-02 15:44:07
USR0239,2026-06-02 15:57:21
USR0252,2026-06-02 16:44:42
USR0159,2026-06-02 17:57:31
USR0058,2026-06-02 18:10:20
USR0172,2026-06-02 18:44:52
USR0185,2026-06-02 19:31:13
USR0100,2026-06-03 09:44:13
USR0113,2026-06-03 10:31:34
USR0106,2026-06-03 12:10:26
USR0220,2026-06-03 12:44:58
USR0013,2026-06-03 13:23:15
USR0233,2026-06-03 13:31:19
USR0127,2026-06-03 13:57:47
USR0140,2026-06-03 14:44:08
USR0226,2026-06-03 15:10:11
USR0153,2026-06-03 15:31:29
USR0047,2026-06-03 15:57:57
USR0060,2026-06-03 16:44:18
USR0247,2026-06-03 16:57:32
USR0167,2026-06-03 18:57:42
USR0253,2026-06-03 19:23:45
USR0180,2026-06-03 19:44:03
USR0188,2026-06-04 08:44:14
USR0181,2026-06-04 10:23:06
USR0108,2026-06-04 10:44:24
USR0121,2026-06-04 11:31:45
USR0015,2026-06-04 11:57:13
USR0041,2026-06-04 13:31:55
USR0228,2026-06-04 13:44:09
USR0241,2026-06-04 14:31:30
USR0161,2026-06-04 16:31:40
USR0055,2026-06-04 16:57:08
USR0255,2026-06-04 17:57:43
USR0154,2026-06-04 18:10:32
USR0061,2026-06-04 19:23:21
USR0175,2026-06-04 19:57:53
USR0183,2026-06-05 08:57:04
USR0009,2026-06-05 09:31:11
USR0103,2026-06-05 10:57:14
USR0116,2026-06-05 11:44:35
USR0129,2026-06-05 12:31:56
USR0109,2026-06-05 13:23:27
USR0223,2026-06-05 13:57:59
USR0122,2026-06-05 14:10:48
USR0049,2026-06-05 14:31:06
USR0236,2026-06-05 14:44:20
USR0249,2026-06-05 15:31:41
USR0143,2026-06-05 15:57:09
USR0229,2026-06-05 16:23:12
USR0156,2026-06-05 16:44:30
USR0242,2026-06-05 17:10:33
USR0169,2026-06-05 17:31:51
USR0063,2026-06-05 17:57:19
USR0089,2026-06-05 19:31:01
USR0171,2026-06-08 08:17:54
USR0098,2026-06-08 08:38:12
USR0192,2026-06-08 09:04:15
USR0112,2026-06-08 11:04:25
USR0218,2026-06-08 11:38:57
USR0125,2026-06-08 12:51:46
USR0138,2026-06-08 13:38:07
USR0232,2026-06-08 14:04:10
USR0045,2026-06-08 14:51:56
USR0058,2026-06-08 15:38:17
USR0245,2026-06-08 15:51:31
USR0051,2026-06-08 17:17:09
USR0165,2026-06-08 17:51:41
USR0178,2026-06-08 18:38:02
USR0093,2026-06-09 08:51:02
USR0106,2026-06-09 09:38:23
USR0013,2026-06-09 10:51:12
USR0099,2026-06-09 11:17:15
USR0120,2026-06-09 12:04:36
USR0226,2026-06-09 12:38:08
USR0133,2026-06-09 13:51:57
USR0219,2026-06-09 14:17:00
USR0240,2026-06-09 15:04:21
USR0126,2026-06-09 15:30:49
USR0053,2026-06-09 15:51:07
USR0139,2026-06-09 16:17:10
USR0253,2026-06-09 16:51:42
USR0160,2026-06-09 17:04:31
USR0246,2026-06-09 18:30:34
USR0173,2026-06-09 18:51:52
USR0186,2026-06-09 19:38:13
USR0174,2026-06-10 09:30:55
USR0101,2026-06-10 09:51:13
USR0187,2026-06-10 10:17:16
USR0114,2026-06-10 10:38:34
USR0221,2026-06-10 12:51:58
USR0128,2026-06-10 13:04:47
USR0234,2026-06-10 13:38:19
USR0141,2026-06-10 14:51:08
USR0048,2026-06-10 15:04:57
USR0154,2026-06-10 15:38:29
USR0248,2026-06-10 16:04:32
USR0061,2026-06-10 16:51:18
USR0168,2026-06-10 18:04:42
USR0054,2026-06-10 18:30:10
USR0181,2026-06-10 19:51:03
USR0189,2026-06-11 08:51:14
USR0109,2026-06-11 10:51:24
USR0016,2026-06-11 11:04:13
USR0122,2026-06-11 11:38:45
USR0102,2026-06-11 12:30:16
USR0115,2026-06-11 13:17:37
USR0042,2026-06-11 13:38:55
USR0229,2026-06-11 13:51:09
USR0242,2026-06-11 14:38:30
USR0222,2026-06-11 15:30:01
USR0056,2026-06-11 16:04:08
USR0235,2026-06-11 16:17:22
USR0162,2026-06-11 16:38:40
USR0256,2026-06-11 17:04:43
USR0176,2026-06-11 19:04:53
USR0184,2026-06-12 08:04:04
USR0010,2026-06-12 09:38:11
USR0104,2026-06-12 10:04:14
USR0117,2026-06-12 11:51:35
USR0130,2026-06-12 12:38:56
USR0224,2026-06-12 13:04:59
USR0123,2026-06-12 14:17:48
USR0050,2026-06-12 14:38:06
USR0237,2026-06-12 14:51:20
USR0144,2026-06-12 15:04:09
USR0250,2026-06-12 15:38:41
USR0043,2026-06-12 16:17:58
USR0157,2026-06-12 16:51:30
USR0064,2026-06-12 17:04:19
USR0243,2026-06-12 17:17:33
USR0170,2026-06-12 17:38:51
USR0163,2026-06-12 19:17:43
USR0090,2026-06-12 19:38:01
USR0099,2026-06-15 08:45:12
USR0185,2026-06-15 09:11:15
USR0105,2026-06-15 11:11:25
USR0219,2026-06-15 11:45:57
USR0012,2026-06-15 12:24:14
USR0126,2026-06-15 12:58:46
USR0139,2026-06-15 13:45:07
USR0225,2026-06-15 14:11:10
USR0119,2026-06-15 14:37:38
USR0046,2026-06-15 14:58:56
USR0059,2026-06-15 15:45:17
USR0246,2026-06-15 15:58:31
USR0239,2026-06-15 17:37:23
USR0166,2026-06-15 17:58:41
USR0252,2026-06-15 18:24:44
USR0179,2026-06-15 18:45:02
USR0167,2026-06-16 08:37:44
USR0094,2026-06-16 08:58:02
USR0180,2026-06-16 09:24:05
USR0107,2026-06-16 09:45:23
USR0014,2026-06-16 10:58:12
USR0027,2026-06-16 11:45:33
USR0113,2026-06-16 12:11:36
USR0227,2026-06-16 12:45:08
USR0134,2026-06-16 13:58:57
USR0233,2026-06-16 15:11:21
USR0054,2026-06-16 15:58:07
USR0140,2026-06-16 16:24:10
USR0254,2026-06-16 16:58:42
USR0153,2026-06-16 17:11:31
USR0047,2026-06-16 17:37:59
USR0060,2026-06-16 18:24:20
USR0174,2026-06-16 18:58:52
USR0187,2026-06-16 19:45:13
USR0102,2026-06-17 09:58:13
USR0188,2026-06-17 10:24:16
USR0115,2026-06-17 10:45:34
USR0108,2026-06-17 12:24:26
USR0222,2026-06-17 12:58:58
USR0121,2026-06-17 13:11:47
USR0235,2026-06-17 13:45:19
USR0142,2026-06-17 14:58:08
USR0041,2026-06-17 15:11:57
USR0228,2026-06-17 15:24:11
USR0155,2026-06-17 15:45:29
USR0241,2026-06-17 16:11:32
USR0062,2026-06-17 16:58:18
USR0161,2026-06-17 18:11:42
USR0182,2026-06-17 19:58:03
USR0190,2026-06-18 08:58:14
USR0203,2026-06-18 09:45:35
USR0110,2026-06-18 10:58:24
USR0009,2026-06-18 11:11:13
USR0123,2026-06-18 11:45:45
USR0116,2026-06-18 13:24:37
USR0043,2026-06-18 13:45:55
USR0230,2026-06-18 13:58:09
USR0243,2026-06-18 14:45:30
USR0049,2026-06-18 16:11:08
USR0236,2026-06-18 16:24:22
USR0163,2026-06-18 16:45:40
USR0249,2026-06-18 17:11:43
USR0143,2026-06-18 17:37:11
USR0156,2026-06-18 18:24:32
USR0083,2026-06-18 18:45:50
USR0169,2026-06-18 19:11:53
USR0177,2026-06-19 08:11:04
USR0011,2026-06-19 09:45:11
USR0097,2026-06-19 10:11:14
USR0211,2026-06-19 10:45:46
USR0191,2026-06-19 11:37:17
USR0118,2026-06-19 11:58:35
USR0131,2026-06-19 12:45:56
USR0217,2026-06-19 13:11:59
USR0051,2026-06-19 14:45:06
USR0238,2026-06-19 14:58:20
USR0137,2026-06-19 15:11:09
USR0251,2026-06-19 15:45:41
USR0044,2026-06-19 16:24:58
USR0158,2026-06-19 16:58:30
USR0057,2026-06-19 17:11:19
USR0171,2026-06-19 17:45:51
USR0164,2026-06-19 19:24:43
USR0091,2026-06-19 19:45:01
USR0173,2026-06-22 08:31:54
USR0100,2026-06-22 08:52:12
USR0186,2026-06-22 09:18:15
USR0106,2026-06-22 11:18:25
USR0220,2026-06-22 11:52:57
USR0127,2026-06-22 12:05:46
USR0013,2026-06-22 12:31:14
USR0140,2026-06-22 13:52:07
USR0047,2026-06-22 14:05:56
USR0226,2026-06-22 14:18:10
USR0247,2026-06-22 15:05:31
USR0060,2026-06-22 15:52:17
USR0167,2026-06-22 17:05:41
USR0053,2026-06-22 17:31:09
USR0253,2026-06-22 18:31:44
USR0180,2026-06-22 18:52:02
USR0160,2026-06-22 19:44:33
USR0095,2026-06-23 08:05:02
USR0181,2026-06-23 09:31:05
USR0108,2026-06-23 09:52:23
USR0015,2026-06-23 10:05:12
USR0101,2026-06-23 11:31:15
USR0114,2026-06-23 12:18:36
USR0228,2026-06-23 12:52:08
USR0135,2026-06-23 13:05:57
USR0221,2026-06-23 14:31:00
USR0055,2026-06-23 15:05:07
USR0234,2026-06-23 15:18:21
USR0255,2026-06-23 16:05:42
USR0154,2026-06-23 17:18:31
USR0175,2026-06-23 18:05:52
USR0061,2026-06-23 18:31:20
USR0188,2026-06-23 19:52:13
USR0103,2026-06-24 09:05:13
USR0116,2026-06-24 10:52:34
USR0223,2026-06-24 12:05:58
USR0109,2026-06-24 12:31:26
USR0122,2026-06-24 13:18:47
USR0016,2026-06-24 13:44:15
USR0236,2026-06-24 13:52:19
USR0143,2026-06-24 14:05:08
USR0042,2026-06-24 15:18:57
USR0229,2026-06-24 15:31:11
USR0156,2026-06-24 15:52:29
USR0063,2026-06-24 16:05:18
USR0242,2026-06-24 16:18:32
USR0162,2026-06-24 18:18:42
USR0183,2026-06-24 19:05:03
USR0256,2026-06-24 19:44:45
USR0191,2026-06-25 08:05:14
USR0111,2026-06-25 10:05:24
USR0184,2026-06-25 10:44:06
USR0010,2026-06-25 11:18:13
USR0124,2026-06-25 11:52:45
USR0231,2026-06-25 13:05:09
USR0044,2026-06-25 13:52:55
USR0244,2026-06-25 14:52:30
USR0050,2026-06-25 16:18:08
USR0164,2026-06-25 16:52:40
USR0250,2026-06-25 17:18:43
USR0157,2026-06-25 18:31:32
USR0170,2026-06-25 19:18:53
USR0064,2026-06-25 19:44:21
USR0178,2026-06-26 08:18:04
USR0012,2026-06-26 09:52:11
USR0098,2026-06-26 10:18:14
USR0119,2026-06-26 11:05:35
USR0132,2026-06-26 12:52:56
USR0218,2026-06-26 13:18:59
USR0112,2026-06-26 13:44:27
USR0239,2026-06-26 14:05:20
USR0125,2026-06-26 14:31:48
USR0052,2026-06-26 14:52:06
USR0138,2026-06-26 15:18:09
USR0252,2026-06-26 15:52:41
USR0159,2026-06-26 16:05:30
USR0232,2026-06-26 16:44:12
USR0058,2026-06-26 17:18:19
USR0245,2026-06-26 17:31:33
USR0172,2026-06-26 17:52:51
USR0092,2026-06-26 19:52:01
USR0174,2026-06-29 08:38:54
USR0101,2026-06-29 08:59:12
USR0187,2026-06-29 09:25:15
USR0107,2026-06-29 11:25:25
USR0221,2026-06-29 11:59:57
USR0128,2026-06-29 12:12:46
USR0141,2026-06-29 13:59:07
USR0048,2026-06-29 14:12:56
USR0227,2026-06-29 14:25:10
USR0248,2026-06-29 15:12:31
USR0061,2026-06-29 15:59:17
USR0168,2026-06-29 17:12:41
USR0054,2026-06-29 17:38:09
USR0181,2026-06-29 18:59:02
USR0096,2026-06-30 08:12:02
USR0109,2026-06-30 09:59:23
USR0016,2026-06-30 10:12:12
USR0102,2026-06-30 11:38:15
USR0115,2026-06-30 12:25:36
USR0229,2026-06-30 12:59:08
USR0136,2026-06-30 13:12:57
USR0222,2026-06-30 14:38:00
USR0056,2026-06-30 15:12:07
USR0235,2026-06-30 15:25:21
USR0121,2026-06-30 15:51:49
USR0256,2026-06-30 16:12:42
USR0142,2026-06-30 16:38:10
USR0155,2026-06-30 17:25:31
USR0176,2026-06-30 18:12:52
USR0241,2026-06-30 18:51:34
USR0189,2026-06-30 19:59:13
USR0104,2026-07-01 09:12:13
USR0169,2026-07-01 09:51:55
USR0190,2026-07-01 10:38:16
USR0117,2026-07-01 10:59:34
USR0224,2026-07-01 12:12:58
USR0123,2026-07-01 13:25:47
USR0237,2026-07-01 13:59:19
USR0144,2026-07-01 14:12:08
USR0043,2026-07-01 15:25:57
USR0157,2026-07-01 15:59:29
USR0064,2026-07-01 16:12:18
USR0243,2026-07-01 16:25:32
USR0163,2026-07-01 18:25:42
USR0049,2026-07-01 18:51:10
USR0184,2026-07-01 19:12:03
USR0192,2026-07-02 08:12:14
USR0112,2026-07-02 10:12:24
USR0011,2026-07-02 11:25:13
USR0125,2026-07-02 11:59:45
USR0097,2026-07-02 12:51:16
USR0232,2026-07-02 13:12:09
USR0118,2026-07-02 13:38:37
USR0045,2026-07-02 13:59:55
USR0245,2026-07-02 14:59:30
USR0217,2026-07-02 15:51:01
USR0051,2026-07-02 16:25:08
USR0238,2026-07-02 16:38:22
USR0165,2026-07-02 16:59:40
USR0251,2026-07-02 17:25:43
USR0171,2026-07-02 19:25:53
USR0179,2026-07-03 08:25:04
USR0013,2026-07-03 09:59:11
USR0099,2026-07-03 10:25:14
USR0120,2026-07-03 11:12:35
USR0133,2026-07-03 12:59:56
USR0219,2026-07-03 13:25:59
USR0240,2026-07-03 14:12:20
USR0126,2026-07-03 14:38:48
USR0053,2026-07-03 14:59:06
USR0139,2026-07-03 15:25:09
USR0253,2026-07-03 15:59:41
USR0160,2026-07-03 16:12:30
USR0046,2026-07-03 16:38:58
USR0059,2026-07-03 17:25:19
USR0246,2026-07-03 17:38:33
USR0173,2026-07-03 17:59:51
USR0166,2026-07-03 19:38:43
USR0093,2026-07-03 19:59:01
USR0102,2026-07-06 08:06:12
USR0188,2026-07-06 09:32:15
USR0222,2026-07-06 11:06:57
USR0108,2026-07-06 11:32:25
USR0121,2026-07-06 12:19:46
USR0015,2026-07-06 12:45:14
USR0142,2026-07-06 13:06:07
USR0041,2026-07-06 14:19:56
USR0228,2026-07-06 14:32:10
USR0114,2026-07-06 14:58:38
USR0062,2026-07-06 15:06:17
USR0241,2026-07-06 15:19:31
USR0161,2026-07-06 17:19:41
USR0234,2026-07-06 17:58:23
USR0182,2026-07-06 18:06:02
USR0255,2026-07-06 18:45:44
USR0089,2026-07-07 08:19:02
USR0162,2026-07-07 08:58:44
USR0110,2026-07-07 09:06:23
USR0183,2026-07-07 09:45:05
USR0009,2026-07-07 10:19:12
USR0030,2026-07-07 11:06:33
USR0230,2026-07-07 12:06:08
USR0116,2026-07-07 12:32:36
USR0129,2026-07-07 13:19:57
USR0049,2026-07-07 15:19:07
USR0236,2026-07-07 15:32:21
USR0249,2026-07-07 16:19:42
USR0143,2026-07-07 16:45:10
USR0156,2026-07-07 17:32:31
USR0042,2026-07-07 17:58:59
USR0169,2026-07-07 18:19:52
USR0063,2026-07-07 18:45:20
USR0190,2026-07-07 19:06:13
USR0097,2026-07-08 09:19:13
USR0118,2026-07-08 10:06:34
USR0191,2026-07-08 10:45:16
USR0217,2026-07-08 12:19:58
USR0111,2026-07-08 12:45:26
USR0238,2026-07-08 13:06:19
USR0124,2026-07-08 13:32:47
USR0137,2026-07-08 14:19:08
USR0158,2026-07-08 15:06:29
USR0044,2026-07-08 15:32:57
USR0231,2026-07-08 15:45:11
USR0057,2026-07-08 16:19:18
USR0244,2026-07-08 16:32:32
USR0164,2026-07-08 18:32:42
USR0177,2026-07-08 19:19:03
USR0185,2026-07-09 08:19:14
USR0206,2026-07-09 09:06:35
USR0105,2026-07-09 10:19:24
USR0126,2026-07-09 11:06:45
USR0012,2026-07-09 11:32:13
USR0046,2026-07-09 13:06:55
USR0225,2026-07-09 13:19:09
USR0119,2026-07-09 13:45:37
USR0246,2026-07-09 14:06:30
USR0166,2026-07-09 16:06:40
USR0052,2026-07-09 16:32:08
USR0239,2026-07-09 16:45:22
USR0252,2026-07-09 17:32:43
USR0138,2026-07-09 17:58:11
USR0086,2026-07-09 18:06:50
USR0159,2026-07-09 18:45:32
USR0172,2026-07-09 19:32:53
USR0180,2026-07-10 08:32:04
USR0014,2026-07-10 09:06:11
USR0214,2026-07-10 10:06:46
USR0100,2026-07-10 10:32:14
USR0113,2026-07-10 11:19:35
USR0186,2026-07-10 11:58:17
USR0134,2026-07-10 12:06:56
USR0220,2026-07-10 13:32:59
USR0054,2026-07-10 14:06:06
USR0233,2026-07-10 14:19:20
USR0254,2026-07-10 15:06:41
USR0140,2026-07-10 15:32:09
USR0153,2026-07-10 16:19:30
USR0047,2026-07-10 16:45:58
USR0174,2026-07-10 17:06:51
USR0060,2026-07-10 17:32:19
USR0094,2026-07-10 19:06:01
USR0167,2026-07-10 19:45:43
